Text(°C),Tint(°C),Qhvac(W),Qsun(W)
0.000000000000000000e+00,2.270000076293945312e+01,2.534000000000000000e+03,2.774369825719209643e+02
0.000000000000000000e+00,2.270000076293945312e+01,1.174000000000000000e+03,4.407848026641900105e+02
0.000000000000000000e+00,2.260000038146972656e+01,2.941000000000000000e+03,6.583859756158111622e+02
0.000000000000000000e+00,2.260000038146972656e+01,1.806000000000000000e+03,9.245411138389973758e+02
1.000000000000000000e+00,2.270000076293945312e+01,3.670000000000000000e+03,1.220572511101093369e+03
1.000000000000000000e+00,2.270000076293945312e+01,4.289000000000000000e+03,1.514930256793932813e+03
1.000000000000000000e+00,2.270000076293945312e+01,3.150000000000000000e+03,1.767719663786366937e+03
1.000000000000000000e+00,2.260000038146972656e+01,3.200000000000000000e+03,1.939214478385412121e+03
1.000000000000000000e+00,2.250000000000000000e+01,4.297000000000000000e+03,2.000000000000000000e+03
1.000000000000000000e+00,2.260000038146972656e+01,2.947000000000000000e+03,1.939214478385412121e+03
1.000000000000000000e+00,2.250000000000000000e+01,2.922000000000000000e+03,1.767719663786366937e+03
1.000000000000000000e+00,2.250000000000000000e+01,3.198000000000000000e+03,1.514930256793932813e+03
1.000000000000000000e+00,2.210000038146972656e+01,2.929000000000000000e+03,1.220572511101093369e+03
1.000000000000000000e+00,2.179999923706054688e+01,1.814000000000000000e+03,9.245411138389973758e+02
1.000000000000000000e+00,2.170000076293945312e+01,1.100000000000000000e+01,6.583859756158111622e+02
2.000000000000000000e+00,2.189999961853027344e+01,3.697000000000000000e+03,4.407848026641900105e+02
2.000000000000000000e+00,2.239999961853027344e+01,1.165000000000000000e+03,2.774369825719209643e+02
1.000000000000000000e+00,2.229999923706054688e+01,1.100000000000000000e+01,1.641699972477975962e+02
1.000000000000000000e+00,2.210000038146972656e+01,1.384000000000000000e+03,9.133030922126044970e+01
1.000000000000000000e+00,2.210000038146972656e+01,1.166000000000000000e+03,1.980338636719211065e-01
1.000000000000000000e+00,2.220000076293945312e+01,5.770000000000000000e+02,5.648934718999406579e-01
0.000000000000000000e+00,2.160000038146972656e+01,1.000000000000000000e+01,9.842841431218460890e-01
0.000000000000000000e+00,2.170000076293945312e+01,1.100000000000000000e+01,5.128717431165212837e-01
0.000000000000000000e+00,2.160000038146972656e+01,1.100000000000000000e+01,4.273528860876542046e-01
0.000000000000000000e+00,2.139999961853027344e+01,1.100000000000000000e+01,8.663648194382739254e-01
0.000000000000000000e+00,2.129999923706054688e+01,1.396000000000000000e+03,7.599179400301578902e-01
0.000000000000000000e+00,2.129999923706054688e+01,1.164000000000000000e+03,1.805561069491528059e-01
0.000000000000000000e+00,2.120000076293945312e+01,1.400000000000000000e+01,1.537879963596178179e-02
0.000000000000000000e+00,2.110000038146972656e+01,1.100000000000000000e+01,7.321874382005157944e-01
0.000000000000000000e+00,2.100000000000000000e+01,2.371000000000000000e+03,7.159340957564911401e-01
0.000000000000000000e+00,2.100000000000000000e+01,2.864000000000000000e+03,1.798701991108720977e-01
0.000000000000000000e+00,2.100000000000000000e+01,1.796000000000000000e+03,7.665231018093271453e-01
0.000000000000000000e+00,2.100000000000000000e+01,3.167000000000000000e+03,0.000000000000000000e+00
0.000000000000000000e+00,2.100000000000000000e+01,2.955000000000000000e+03,3.807808514946665612e-01
0.000000000000000000e+00,2.089999961853027344e+01,1.770000000000000000e+03,9.718819785534223987e-01
0.000000000000000000e+00,2.089999961853027344e+01,3.146000000000000000e+03,2.082621993821565098e-02
0.000000000000000000e+00,2.089999961853027344e+01,5.475000000000000000e+03,3.252559263117740240e-01
0.000000000000000000e+00,2.089999961853027344e+01,1.734000000000000000e+03,2.019244445525457676e-01
-1.000000000000000000e+00,2.089999961853027344e+01,1.783000000000000000e+03,1.349888003020270899e-01
-1.000000000000000000e+00,2.079999923706054688e+01,3.144000000000000000e+03,1.097042214554644346e-01
-1.000000000000000000e+00,2.079999923706054688e+01,2.929000000000000000e+03,5.233219327585113545e-01
-1.000000000000000000e+00,2.089999961853027344e+01,1.794000000000000000e+03,1.557602089373547605e-01
-2.000000000000000000e+00,2.100000000000000000e+01,1.300000000000000000e+01,3.143972322770492989e-01
-2.000000000000000000e+00,2.100000000000000000e+01,3.663000000000000000e+03,3.660691529838712155e-01
-2.000000000000000000e+00,2.150000000000000000e+01,1.143000000000000000e+03,1.594907014411739432e-01
-2.000000000000000000e+00,2.139999961853027344e+01,1.766000000000000000e+03,7.588029939871900886e-01
-2.000000000000000000e+00,2.129999923706054688e+01,1.377000000000000000e+03,2.673364020469110036e-01
-2.000000000000000000e+00,2.150000000000000000e+01,3.635000000000000000e+03,2.709017978297723062e-02
-2.000000000000000000e+00,2.150000000000000000e+01,1.100000000000000000e+01,8.837503260089946133e-01
-2.000000000000000000e+00,2.150000000000000000e+01,1.354000000000000000e+03,2.774369825719209643e+02
-2.000000000000000000e+00,2.150000000000000000e+01,3.617000000000000000e+03,4.407848026641900105e+02
-1.000000000000000000e+00,2.150000000000000000e+01,1.149000000000000000e+03,6.583859756158111622e+02
-1.000000000000000000e+00,2.150000000000000000e+01,1.400000000000000000e+01,9.245411138389973758e+02
-2.000000000000000000e+00,2.150000000000000000e+01,2.281000000000000000e+03,1.220572511101093369e+03
0.000000000000000000e+00,2.150000000000000000e+01,2.319000000000000000e+03,1.514930256793932813e+03
0.000000000000000000e+00,2.160000038146972656e+01,1.200000000000000000e+01,1.767719663786366937e+03
0.000000000000000000e+00,2.200000000000000000e+01,1.359000000000000000e+03,1.939214478385412121e+03
0.000000000000000000e+00,2.229999923706054688e+01,2.972000000000000000e+03,2.000000000000000000e+03
0.000000000000000000e+00,2.220000076293945312e+01,1.141000000000000000e+03,1.939214478385412121e+03
1.000000000000000000e+00,2.150000000000000000e+01,4.246000000000000000e+03,1.767719663786366937e+03
0.000000000000000000e+00,2.150000000000000000e+01,4.151000000000000000e+03,1.514930256793932813e+03
0.000000000000000000e+00,2.179999923706054688e+01,1.200000000000000000e+01,1.220572511101093369e+03
0.000000000000000000e+00,2.179999923706054688e+01,1.793000000000000000e+03,9.245411138389973758e+02
1.000000000000000000e+00,2.150000000000000000e+01,3.184000000000000000e+03,6.583859756158111622e+02
1.000000000000000000e+00,2.150000000000000000e+01,1.168000000000000000e+03,4.407848026641900105e+02
1.000000000000000000e+00,2.160000038146972656e+01,1.777000000000000000e+03,2.774369825719209643e+02
0.000000000000000000e+00,2.170000076293945312e+01,3.152000000000000000e+03,1.641699972477975962e+02
0.000000000000000000e+00,2.189999961853027344e+01,4.246000000000000000e+03,9.133030922126044970e+01
0.000000000000000000e+00,2.210000038146972656e+01,1.782000000000000000e+03,3.711859445419862791e-01
0.000000000000000000e+00,2.189999961853027344e+01,1.409000000000000000e+03,4.802975796588866420e-01
0.000000000000000000e+00,2.179999923706054688e+01,1.780000000000000000e+03,7.132623415786301102e-01
0.000000000000000000e+00,2.160000038146972656e+01,1.801000000000000000e+03,8.168263338561352338e-01
0.000000000000000000e+00,2.150000000000000000e+01,3.212000000000000000e+03,2.238652842687938183e-01
0.000000000000000000e+00,2.150000000000000000e+01,1.798000000000000000e+03,2.471276081680138237e-01
0.000000000000000000e+00,2.150000000000000000e+01,1.799000000000000000e+03,1.926308498686746251e-01
0.000000000000000000e+00,2.139999961853027344e+01,1.810000000000000000e+03,5.703359716367807364e-01
0.000000000000000000e+00,2.139999961853027344e+01,1.818000000000000000e+03,2.062737171913222589e-01
0.000000000000000000e+00,2.139999961853027344e+01,1.772000000000000000e+03,5.799308006792430747e-01
0.000000000000000000e+00,2.139999961853027344e+01,1.809000000000000000e+03,3.942358935102147077e-01
0.000000000000000000e+00,2.139999961853027344e+01,3.169000000000000000e+03,8.626600890784640319e-01
0.000000000000000000e+00,2.139999961853027344e+01,2.926000000000000000e+03,9.368788946288120201e-01
0.000000000000000000e+00,2.139999961853027344e+01,1.200000000000000000e+01,0.000000000000000000e+00
1.000000000000000000e+00,2.139999961853027344e+01,3.059000000000000000e+03,7.292465509775469812e-03
1.000000000000000000e+00,2.139999961853027344e+01,1.741000000000000000e+03,8.290687214762764157e-01
1.000000000000000000e+00,2.139999961853027344e+01,1.739000000000000000e+03,3.879029581289741291e-01
1.000000000000000000e+00,2.139999961853027344e+01,1.000000000000000000e+01,8.081243470150666353e-01
1.000000000000000000e+00,2.129999923706054688e+01,1.413000000000000000e+03,3.710382549110782247e-01
1.000000000000000000e+00,2.139999961853027344e+01,1.180000000000000000e+03,9.594946288742298712e-01
1.000000000000000000e+00,2.150000000000000000e+01,1.300000000000000000e+01,7.433930011135182481e-01
1.000000000000000000e+00,2.160000038146972656e+01,2.593000000000000000e+03,9.713364813419776977e-01
1.000000000000000000e+00,2.160000038146972656e+01,1.400000000000000000e+01,2.206374944303677310e-01
1.000000000000000000e+00,2.129999923706054688e+01,1.100000000000000000e+01,8.620353577081647511e-01
2.000000000000000000e+00,2.160000038146972656e+01,1.399000000000000000e+03,8.504216271418567619e-01
2.000000000000000000e+00,2.129999923706054688e+01,2.549000000000000000e+03,6.588497864852090879e-01
2.000000000000000000e+00,2.100000000000000000e+01,1.100000000000000000e+01,9.661182656883613440e-01
2.000000000000000000e+00,2.179999923706054688e+01,2.988000000000000000e+03,8.619124567555226379e-01
2.000000000000000000e+00,2.170000076293945312e+01,1.369000000000000000e+03,6.200368522610962829e-01
2.000000000000000000e+00,2.129999923706054688e+01,1.366000000000000000e+03,2.201800886450577810e-01
2.000000000000000000e+00,2.079999923706054688e+01,1.300000000000000000e+01,2.774369825719209643e+02
3.000000000000000000e+00,2.139999961853027344e+01,1.380000000000000000e+03,4.407848026641900105e+02
3.000000000000000000e+00,2.129999923706054688e+01,1.371000000000000000e+03,6.583859756158111622e+02
4.000000000000000000e+00,2.089999961853027344e+01,9.000000000000000000e+00,9.245411138389973758e+02
4.000000000000000000e+00,2.029999923706054688e+01,7.000000000000000000e+00,1.220572511101093369e+03
4.000000000000000000e+00,2.000000000000000000e+01,9.000000000000000000e+00,1.514930256793932813e+03
4.000000000000000000e+00,1.979999923706054688e+01,8.000000000000000000e+00,1.767719663786366937e+03
5.000000000000000000e+00,1.950000000000000000e+01,8.000000000000000000e+00,1.939214478385412121e+03
5.000000000000000000e+00,1.929999923706054688e+01,7.000000000000000000e+00,2.000000000000000000e+03
6.000000000000000000e+00,1.839999961853027344e+01,7.000000000000000000e+00,1.939214478385412121e+03
6.000000000000000000e+00,1.750000000000000000e+01,8.000000000000000000e+00,1.767719663786366937e+03
6.000000000000000000e+00,1.750000000000000000e+01,9.000000000000000000e+00,1.514930256793932813e+03
6.000000000000000000e+00,1.739999961853027344e+01,6.000000000000000000e+00,1.220572511101093369e+03
6.000000000000000000e+00,1.739999961853027344e+01,9.000000000000000000e+00,9.245411138389973758e+02
6.000000000000000000e+00,1.720000076293945312e+01,1.000000000000000000e+01,6.583859756158111622e+02
6.000000000000000000e+00,1.739999961853027344e+01,9.000000000000000000e+00,4.407848026641900105e+02
5.000000000000000000e+00,1.750000000000000000e+01,9.000000000000000000e+00,2.774369825719209643e+02
5.000000000000000000e+00,1.750000000000000000e+01,1.000000000000000000e+01,1.641699972477975962e+02
5.000000000000000000e+00,1.750000000000000000e+01,6.000000000000000000e+00,9.133030922126044970e+01
5.000000000000000000e+00,1.750000000000000000e+01,7.000000000000000000e+00,7.500264566339165384e-01
5.000000000000000000e+00,1.750000000000000000e+01,8.000000000000000000e+00,1.568097344253582826e-01
5.000000000000000000e+00,1.739999961853027344e+01,7.000000000000000000e+00,6.123699120482944958e-01
6.000000000000000000e+00,1.739999961853027344e+01,8.000000000000000000e+00,1.329051649200987395e-01
5.000000000000000000e+00,1.729999923706054688e+01,6.000000000000000000e+00,6.075892638400051116e-01
6.000000000000000000e+00,1.729999923706054688e+01,6.000000000000000000e+00,2.795442541516655055e-01
5.000000000000000000e+00,1.720000076293945312e+01,8.000000000000000000e+00,2.679141806927179958e-01
5.000000000000000000e+00,1.720000076293945312e+01,1.000000000000000000e+01,1.392387089198440231e-01
5.000000000000000000e+00,1.720000076293945312e+01,9.000000000000000000e+00,8.430826286822433735e-01
5.000000000000000000e+00,1.710000038146972656e+01,9.000000000000000000e+00,8.026206615393732813e-01
5.000000000000000000e+00,1.710000038146972656e+01,8.000000000000000000e+00,7.788975032680582888e-01
5.000000000000000000e+00,1.700000000000000000e+01,8.000000000000000000e+00,7.925268657961491714e-01
6.000000000000000000e+00,1.700000000000000000e+01,7.000000000000000000e+00,1.349397576962916290e-01
6.000000000000000000e+00,1.689999961853027344e+01,7.000000000000000000e+00,0.000000000000000000e+00
6.000000000000000000e+00,1.689999961853027344e+01,8.000000000000000000e+00,8.151382528917385795e-01
6.000000000000000000e+00,1.689999961853027344e+01,6.000000000000000000e+00,2.489570263853975174e-01
6.000000000000000000e+00,1.679999923706054688e+01,1.000000000000000000e+01,4.758268452662538506e-01
6.000000000000000000e+00,1.679999923706054688e+01,9.000000000000000000e+00,9.527743996985054142e-01
6.000000000000000000e+00,1.670000076293945312e+01,8.000000000000000000e+00,2.865299591543856161e-01
6.000000000000000000e+00,1.670000076293945312e+01,8.000000000000000000e+00,7.817092810727279684e-01
6.000000000000000000e+00,1.670000076293945312e+01,6.000000000000000000e+00,3.757611796980557806e-01
6.000000000000000000e+00,1.670000076293945312e+01,8.000000000000000000e+00,8.212930777390560211e-01
6.000000000000000000e+00,1.670000076293945312e+01,9.000000000000000000e+00,3.794698445660477093e-01
7.000000000000000000e+00,1.660000038146972656e+01,7.000000000000000000e+00,9.607385449256766741e-02
7.000000000000000000e+00,1.660000038146972656e+01,8.000000000000000000e+00,3.664140661264938537e-01
7.000000000000000000e+00,1.660000038146972656e+01,9.000000000000000000e+00,3.905142656852716998e-01
7.000000000000000000e+00,1.650000000000000000e+01,7.000000000000000000e+00,9.451776360933064058e-01
8.000000000000000000e+00,1.450000000000000000e+01,1.161000000000000000e+03,6.762339148536795630e-01
8.000000000000000000e+00,1.450000000000000000e+01,1.161000000000000000e+03,9.042791312095674883e-01
8.000000000000000000e+00,1.450000000000000000e+01,1.161000000000000000e+03,2.360665598071431948e-02
8.000000000000000000e+00,1.450000000000000000e+01,1.161000000000000000e+03,2.774369825719209643e+02
8.000000000000000000e+00,1.450000000000000000e+01,1.161000000000000000e+03,4.407848026641900105e+02
8.000000000000000000e+00,1.450000000000000000e+01,1.161000000000000000e+03,6.583859756158111622e+02
8.000000000000000000e+00,1.450000000000000000e+01,1.161000000000000000e+03,9.245411138389973758e+02
8.000000000000000000e+00,1.450000000000000000e+01,1.161000000000000000e+03,1.220572511101093369e+03
8.000000000000000000e+00,1.450000000000000000e+01,1.161000000000000000e+03,1.514930256793932813e+03
8.000000000000000000e+00,1.450000000000000000e+01,1.161000000000000000e+03,1.767719663786366937e+03
8.000000000000000000e+00,1.450000000000000000e+01,1.161000000000000000e+03,1.939214478385412121e+03
8.000000000000000000e+00,1.450000000000000000e+01,1.161000000000000000e+03,2.000000000000000000e+03
8.000000000000000000e+00,1.450000000000000000e+01,1.161000000000000000e+03,1.939214478385412121e+03
8.000000000000000000e+00,1.450000000000000000e+01,1.161000000000000000e+03,1.767719663786366937e+03
8.000000000000000000e+00,1.450000000000000000e+01,1.161000000000000000e+03,1.514930256793932813e+03
8.000000000000000000e+00,1.450000000000000000e+01,1.161000000000000000e+03,1.220572511101093369e+03
8.000000000000000000e+00,1.450000000000000000e+01,1.161000000000000000e+03,9.245411138389973758e+02
8.000000000000000000e+00,1.450000000000000000e+01,1.161000000000000000e+03,6.583859756158111622e+02
8.000000000000000000e+00,1.450000000000000000e+01,1.161000000000000000e+03,4.407848026641900105e+02
8.000000000000000000e+00,1.450000000000000000e+01,1.161000000000000000e+03,2.774369825719209643e+02
8.000000000000000000e+00,1.450000000000000000e+01,1.161000000000000000e+03,1.641699972477975962e+02
8.000000000000000000e+00,1.450000000000000000e+01,1.161000000000000000e+03,9.133030922126044970e+01
8.000000000000000000e+00,1.450000000000000000e+01,1.161000000000000000e+03,3.894965025087043786e-01
8.000000000000000000e+00,1.450000000000000000e+01,1.161000000000000000e+03,2.245522533551577160e-01
8.000000000000000000e+00,1.450000000000000000e+01,1.161000000000000000e+03,5.914435195694277558e-01
8.000000000000000000e+00,1.450000000000000000e+01,1.161000000000000000e+03,7.756994800611080043e-01
8.000000000000000000e+00,1.450000000000000000e+01,1.161000000000000000e+03,6.353416821229030953e-01
8.000000000000000000e+00,1.450000000000000000e+01,1.161000000000000000e+03,4.822265713754223526e-01
8.000000000000000000e+00,1.450000000000000000e+01,1.161000000000000000e+03,6.806203832205452997e-01
8.000000000000000000e+00,1.450000000000000000e+01,1.161000000000000000e+03,8.827884513739560068e-01
8.000000000000000000e+00,1.450000000000000000e+01,1.161000000000000000e+03,1.257904669585160340e-01
8.000000000000000000e+00,1.450000000000000000e+01,1.161000000000000000e+03,4.038406366898998900e-01
8.000000000000000000e+00,1.450000000000000000e+01,1.161000000000000000e+03,3.895506463760787241e-01
8.000000000000000000e+00,1.450000000000000000e+01,1.161000000000000000e+03,5.538116664794339172e-01
8.000000000000000000e+00,1.450000000000000000e+01,1.161000000000000000e+03,6.721042723720501710e-01
8.000000000000000000e+00,1.450000000000000000e+01,1.161000000000000000e+03,0.000000000000000000e+00
8.000000000000000000e+00,1.450000000000000000e+01,1.161000000000000000e+03,5.527442385892733512e-01
8.000000000000000000e+00,1.450000000000000000e+01,1.161000000000000000e+03,2.524773470168630851e-01
8.000000000000000000e+00,1.450000000000000000e+01,1.161000000000000000e+03,7.936110226820661806e-01
8.000000000000000000e+00,1.450000000000000000e+01,1.161000000000000000e+03,9.838781423948570470e-01
8.000000000000000000e+00,1.450000000000000000e+01,1.161000000000000000e+03,6.813179344964650497e-01
8.000000000000000000e+00,1.450000000000000000e+01,1.161000000000000000e+03,7.722175643040674053e-03
8.000000000000000000e+00,1.450000000000000000e+01,1.161000000000000000e+03,5.683477426851375469e-01
8.000000000000000000e+00,1.450000000000000000e+01,1.161000000000000000e+03,5.431698777675250112e-01
8.000000000000000000e+00,1.450000000000000000e+01,1.161000000000000000e+03,1.728755277485825026e-01
8.000000000000000000e+00,1.450000000000000000e+01,1.161000000000000000e+03,5.318147302728397641e-01
8.000000000000000000e+00,1.450000000000000000e+01,1.161000000000000000e+03,5.701688262544670760e-01
8.000000000000000000e+00,1.450000000000000000e+01,1.161000000000000000e+03,7.844372889339444876e-01
8.000000000000000000e+00,1.450000000000000000e+01,8.000000000000000000e+00,2.799118472623084442e-01
8.000000000000000000e+00,1.460000038146972656e+01,8.000000000000000000e+00,2.879366587200364869e-01
7.000000000000000000e+00,1.439999961853027344e+01,6.000000000000000000e+00,1.199029356158211046e-01
7.000000000000000000e+00,1.419999980926513672e+01,6.000000000000000000e+00,5.359362391724336039e-01
7.000000000000000000e+00,1.369999980926513672e+01,8.000000000000000000e+00,2.774369825719209643e+02
8.000000000000000000e+00,1.339999961853027344e+01,7.000000000000000000e+00,4.407848026641900105e+02
7.000000000000000000e+00,1.389999961853027344e+01,9.000000000000000000e+00,6.583859756158111622e+02
7.000000000000000000e+00,1.380000019073486328e+01,1.000000000000000000e+01,9.245411138389973758e+02
7.000000000000000000e+00,1.369999980926513672e+01,8.000000000000000000e+00,1.220572511101093369e+03
7.000000000000000000e+00,1.369999980926513672e+01,7.000000000000000000e+00,1.514930256793932813e+03
8.000000000000000000e+00,1.369999980926513672e+01,9.000000000000000000e+00,1.767719663786366937e+03
7.000000000000000000e+00,1.369999980926513672e+01,7.000000000000000000e+00,1.939214478385412121e+03
8.000000000000000000e+00,1.369999980926513672e+01,8.000000000000000000e+00,2.000000000000000000e+03
8.000000000000000000e+00,1.369999980926513672e+01,7.000000000000000000e+00,1.939214478385412121e+03
8.000000000000000000e+00,1.369999980926513672e+01,9.000000000000000000e+00,1.767719663786366937e+03
8.000000000000000000e+00,1.369999980926513672e+01,8.000000000000000000e+00,1.514930256793932813e+03
8.000000000000000000e+00,1.360000038146972656e+01,8.000000000000000000e+00,1.220572511101093369e+03
8.000000000000000000e+00,1.360000038146972656e+01,8.000000000000000000e+00,9.245411138389973758e+02
7.000000000000000000e+00,1.350000000000000000e+01,7.000000000000000000e+00,6.583859756158111622e+02
7.000000000000000000e+00,1.350000000000000000e+01,7.000000000000000000e+00,4.407848026641900105e+02
7.000000000000000000e+00,1.339999961853027344e+01,7.000000000000000000e+00,2.774369825719209643e+02
6.000000000000000000e+00,1.339999961853027344e+01,1.000000000000000000e+01,1.641699972477975962e+02
6.000000000000000000e+00,1.330000019073486328e+01,8.000000000000000000e+00,9.133030922126044970e+01
6.000000000000000000e+00,1.319999980926513672e+01,7.000000000000000000e+00,1.199326887442038192e-01
6.000000000000000000e+00,1.319999980926513672e+01,5.000000000000000000e+00,6.188377649230911715e-01
6.000000000000000000e+00,1.310000038146972656e+01,7.000000000000000000e+00,2.549942657722753525e-01
6.000000000000000000e+00,1.310000038146972656e+01,8.000000000000000000e+00,9.420359891609679792e-01
5.000000000000000000e+00,1.300000000000000000e+01,7.000000000000000000e+00,4.118603780976551887e-01
5.000000000000000000e+00,1.300000000000000000e+01,8.000000000000000000e+00,4.701464793098207862e-01
4.000000000000000000e+00,1.289999961853027344e+01,8.000000000000000000e+00,8.016734268337295521e-01
4.000000000000000000e+00,1.289999961853027344e+01,8.000000000000000000e+00,7.957309614580987400e-01
4.000000000000000000e+00,1.280000019073486328e+01,8.000000000000000000e+00,3.046745498308627287e-01
4.000000000000000000e+00,1.280000019073486328e+01,6.000000000000000000e+00,4.068552255252421146e-01
4.000000000000000000e+00,1.269999980926513672e+01,9.000000000000000000e+00,6.892326308608047736e-01
3.000000000000000000e+00,1.269999980926513672e+01,8.000000000000000000e+00,7.445783617718976233e-01
3.000000000000000000e+00,1.260000038146972656e+01,9.000000000000000000e+00,9.615278423658617513e-01
3.000000000000000000e+00,1.250000000000000000e+01,7.000000000000000000e+00,0.000000000000000000e+00
3.000000000000000000e+00,1.250000000000000000e+01,8.000000000000000000e+00,4.680428674237314679e-01
3.000000000000000000e+00,1.230000019073486328e+01,1.100000000000000000e+01,4.493374689763349750e-01
3.000000000000000000e+00,1.219999980926513672e+01,7.000000000000000000e+00,6.595144202585795368e-01
2.000000000000000000e+00,1.219999980926513672e+01,8.000000000000000000e+00,4.696542155111177452e-01
2.000000000000000000e+00,1.210000038146972656e+01,1.000000000000000000e+01,4.976735960878586607e-01
2.000000000000000000e+00,1.210000038146972656e+01,8.000000000000000000e+00,7.822662244150545563e-01
2.000000000000000000e+00,1.200000000000000000e+01,7.000000000000000000e+00,9.086461763499927846e-01
2.000000000000000000e+00,1.200000000000000000e+01,9.000000000000000000e+00,6.405906454937889682e-01
1.000000000000000000e+00,1.189999961853027344e+01,7.000000000000000000e+00,1.543601052167412613e-01
1.000000000000000000e+00,1.180000019073486328e+01,7.000000000000000000e+00,7.791944102382676318e-01
0.000000000000000000e+00,1.169999980926513672e+01,1.000000000000000000e+01,7.807214706586749209e-01
0.000000000000000000e+00,1.160000038146972656e+01,8.000000000000000000e+00,3.388331335446365111e-01
1.000000000000000000e+00,1.150000000000000000e+01,8.000000000000000000e+00,5.133979822866548970e-01
1.000000000000000000e+00,1.160000038146972656e+01,9.000000000000000000e+00,6.563767460413191257e-01
3.000000000000000000e+00,1.160000038146972656e+01,9.000000000000000000e+00,5.524847962541941104e-01
4.000000000000000000e+00,1.160000038146972656e+01,8.000000000000000000e+00,8.027626586773224382e-01
5.000000000000000000e+00,1.160000038146972656e+01,9.000000000000000000e+00,2.774369825719209643e+02
6.000000000000000000e+00,1.169999980926513672e+01,8.000000000000000000e+00,4.407848026641900105e+02
7.000000000000000000e+00,1.180000019073486328e+01,9.000000000000000000e+00,6.583859756158111622e+02
7.000000000000000000e+00,1.180000019073486328e+01,8.000000000000000000e+00,9.245411138389973758e+02
7.000000000000000000e+00,1.189999961853027344e+01,7.000000000000000000e+00,1.220572511101093369e+03
7.000000000000000000e+00,1.189999961853027344e+01,7.000000000000000000e+00,1.514930256793932813e+03
7.000000000000000000e+00,1.200000000000000000e+01,9.000000000000000000e+00,1.767719663786366937e+03
7.000000000000000000e+00,1.200000000000000000e+01,8.000000000000000000e+00,1.939214478385412121e+03
7.000000000000000000e+00,1.200000000000000000e+01,7.000000000000000000e+00,2.000000000000000000e+03
7.000000000000000000e+00,1.210000038146972656e+01,9.000000000000000000e+00,1.939214478385412121e+03
7.000000000000000000e+00,1.210000038146972656e+01,7.000000000000000000e+00,1.767719663786366937e+03
7.000000000000000000e+00,1.210000038146972656e+01,9.000000000000000000e+00,1.514930256793932813e+03
6.000000000000000000e+00,1.210000038146972656e+01,6.000000000000000000e+00,1.220572511101093369e+03
5.000000000000000000e+00,1.200000000000000000e+01,1.000000000000000000e+01,9.245411138389973758e+02
4.000000000000000000e+00,1.180000019073486328e+01,9.000000000000000000e+00,6.583859756158111622e+02
4.000000000000000000e+00,1.169999980926513672e+01,7.000000000000000000e+00,4.407848026641900105e+02
4.000000000000000000e+00,1.150000000000000000e+01,6.000000000000000000e+00,2.774369825719209643e+02
4.000000000000000000e+00,1.130000019073486328e+01,9.000000000000000000e+00,1.641699972477975962e+02
2.000000000000000000e+00,1.110000038146972656e+01,1.200000000000000000e+01,9.133030922126044970e+01
1.000000000000000000e+00,1.100000000000000000e+01,8.000000000000000000e+00,8.251476722910704442e-01
1.000000000000000000e+00,1.080000019073486328e+01,8.000000000000000000e+00,9.150286669657706762e-01
0.000000000000000000e+00,1.060000038146972656e+01,9.000000000000000000e+00,5.899027029961116941e-01
0.000000000000000000e+00,1.050000000000000000e+01,7.000000000000000000e+00,6.276336452639474928e-03
0.000000000000000000e+00,1.030000019073486328e+01,8.000000000000000000e+00,1.910556537923771003e-01
0.000000000000000000e+00,1.019999980926513672e+01,1.000000000000000000e+01,3.043580678979702636e-01
0.000000000000000000e+00,1.000000000000000000e+01,8.000000000000000000e+00,4.668664566308367014e-01
-1.000000000000000000e+00,9.899999618530273438e+00,8.000000000000000000e+00,3.576011011472101098e-01
-1.000000000000000000e+00,9.699999809265136719e+00,9.000000000000000000e+00,3.527113518463973474e-01
-1.000000000000000000e+00,9.600000381469726562e+00,1.000000000000000000e+01,9.048740330608788796e-01
-1.000000000000000000e+00,9.600000381469726562e+00,8.000000000000000000e+00,7.951163057753075636e-01
-1.000000000000000000e+00,9.600000381469726562e+00,9.000000000000000000e+00,2.462030205718347409e-01
-1.000000000000000000e+00,9.600000381469726562e+00,1.100000000000000000e+01,7.031193778910775904e-01
-2.000000000000000000e+00,9.600000381469726562e+00,9.000000000000000000e+00,0.000000000000000000e+00
-1.000000000000000000e+00,9.600000381469726562e+00,9.000000000000000000e+00,3.228527653881979598e-01
-1.000000000000000000e+00,9.600000381469726562e+00,1.100000000000000000e+01,3.413863133000285544e-01
-1.000000000000000000e+00,9.600000381469726562e+00,8.000000000000000000e+00,9.421167747224836742e-01
-1.000000000000000000e+00,9.600000381469726562e+00,1.000000000000000000e+01,2.089724569910562657e-01
-1.000000000000000000e+00,9.600000381469726562e+00,1.100000000000000000e+01,9.694239945230935795e-01
-1.000000000000000000e+00,9.600000381469726562e+00,1.100000000000000000e+01,8.364472225791118598e-01
-1.000000000000000000e+00,9.500000000000000000e+00,1.000000000000000000e+01,7.891248675614817021e-01
-1.000000000000000000e+00,9.500000000000000000e+00,1.000000000000000000e+01,6.444671687929502957e-01
-1.000000000000000000e+00,9.500000000000000000e+00,9.000000000000000000e+00,7.968984016519228275e-01
-1.000000000000000000e+00,9.500000000000000000e+00,1.000000000000000000e+01,9.662304043933483966e-01
-1.000000000000000000e+00,9.399999618530273438e+00,1.000000000000000000e+01,6.234117994329961832e-01
-1.000000000000000000e+00,9.500000000000000000e+00,9.000000000000000000e+00,9.680773394356886330e-01
0.000000000000000000e+00,9.600000381469726562e+00,7.000000000000000000e+00,6.594634228942046761e-01
1.000000000000000000e+00,9.600000381469726562e+00,7.000000000000000000e+00,1.639575355227177456e-01
2.000000000000000000e+00,9.600000381469726562e+00,8.000000000000000000e+00,5.597827351276254415e-01
3.000000000000000000e+00,9.899999618530273438e+00,1.100000000000000000e+01,9.137722719907002134e-01
3.000000000000000000e+00,1.000000000000000000e+01,1.000000000000000000e+01,2.774369825719209643e+02
4.000000000000000000e+00,1.010000038146972656e+01,1.100000000000000000e+01,4.407848026641900105e+02
5.000000000000000000e+00,1.019999980926513672e+01,9.000000000000000000e+00,6.583859756158111622e+02
6.000000000000000000e+00,1.030000019073486328e+01,1.100000000000000000e+01,9.245411138389973758e+02
8.000000000000000000e+00,1.039999961853027344e+01,1.000000000000000000e+01,1.220572511101093369e+03
1.000000000000000000e+01,1.050000000000000000e+01,1.100000000000000000e+01,1.514930256793932813e+03
1.000000000000000000e+01,1.060000038146972656e+01,7.000000000000000000e+00,1.767719663786366937e+03
1.100000000000000000e+01,1.069999980926513672e+01,9.000000000000000000e+00,1.939214478385412121e+03
1.000000000000000000e+01,1.080000019073486328e+01,8.000000000000000000e+00,2.000000000000000000e+03
9.000000000000000000e+00,1.080000019073486328e+01,9.000000000000000000e+00,1.939214478385412121e+03
9.000000000000000000e+00,1.080000019073486328e+01,8.000000000000000000e+00,1.767719663786366937e+03
9.000000000000000000e+00,1.089999961853027344e+01,1.000000000000000000e+01,1.514930256793932813e+03
7.000000000000000000e+00,1.089999961853027344e+01,9.000000000000000000e+00,1.220572511101093369e+03
6.000000000000000000e+00,1.089999961853027344e+01,8.000000000000000000e+00,9.245411138389973758e+02
6.000000000000000000e+00,1.089999961853027344e+01,8.000000000000000000e+00,6.583859756158111622e+02
6.000000000000000000e+00,1.089999961853027344e+01,1.100000000000000000e+01,4.407848026641900105e+02
6.000000000000000000e+00,1.089999961853027344e+01,1.000000000000000000e+01,2.774369825719209643e+02
5.000000000000000000e+00,1.089999961853027344e+01,1.000000000000000000e+01,1.641699972477975962e+02
6.000000000000000000e+00,1.089999961853027344e+01,8.000000000000000000e+00,9.133030922126044970e+01
6.000000000000000000e+00,1.089999961853027344e+01,8.000000000000000000e+00,9.839745511553443791e-01
6.000000000000000000e+00,1.089999961853027344e+01,1.000000000000000000e+01,1.605598010957827171e-01
7.000000000000000000e+00,1.089999961853027344e+01,1.000000000000000000e+01,7.982053507758878341e-01
6.000000000000000000e+00,1.089999961853027344e+01,7.000000000000000000e+00,4.008617236494053104e-01
5.000000000000000000e+00,1.089999961853027344e+01,6.000000000000000000e+00,3.546600054082871267e-01
6.000000000000000000e+00,1.089999961853027344e+01,7.000000000000000000e+00,9.608127097151389906e-01
5.000000000000000000e+00,1.089999961853027344e+01,6.000000000000000000e+00,6.603449928143457770e-01
7.000000000000000000e+00,1.089999961853027344e+01,8.000000000000000000e+00,4.419460222673305960e-01
7.000000000000000000e+00,1.089999961853027344e+01,8.000000000000000000e+00,9.358063595304778604e-01
7.000000000000000000e+00,1.089999961853027344e+01,1.000000000000000000e+01,7.689240956064089527e-01
7.000000000000000000e+00,1.100000000000000000e+01,7.000000000000000000e+00,2.064771490873830162e-01
7.000000000000000000e+00,1.100000000000000000e+01,8.000000000000000000e+00,9.819283957561242282e-02
7.000000000000000000e+00,1.100000000000000000e+01,8.000000000000000000e+00,3.958141436439081007e-01
7.000000000000000000e+00,1.089999961853027344e+01,9.000000000000000000e+00,0.000000000000000000e+00
7.000000000000000000e+00,1.089999961853027344e+01,8.000000000000000000e+00,8.283258727035405222e-01
7.000000000000000000e+00,1.089999961853027344e+01,6.000000000000000000e+00,5.420299909568959684e-01
7.000000000000000000e+00,1.100000000000000000e+01,7.000000000000000000e+00,7.704940419530008633e-01
7.000000000000000000e+00,1.100000000000000000e+01,9.000000000000000000e+00,6.580377239967323266e-01
8.000000000000000000e+00,1.100000000000000000e+01,8.000000000000000000e+00,7.893881273833242007e-01
7.000000000000000000e+00,1.100000000000000000e+01,1.000000000000000000e+01,5.555386087151538144e-01
7.000000000000000000e+00,1.100000000000000000e+01,7.000000000000000000e+00,9.682014262814720995e-01
7.000000000000000000e+00,1.100000000000000000e+01,9.000000000000000000e+00,6.024464526072447201e-01
6.000000000000000000e+00,1.100000000000000000e+01,1.000000000000000000e+01,5.603526100214915040e-01
7.000000000000000000e+00,1.100000000000000000e+01,7.000000000000000000e+00,4.052222199441875006e-01
7.000000000000000000e+00,1.100000000000000000e+01,9.000000000000000000e+00,9.551888079015667943e-01
7.000000000000000000e+00,1.100000000000000000e+01,7.000000000000000000e+00,9.463522821935335116e-01
7.000000000000000000e+00,1.100000000000000000e+01,1.000000000000000000e+01,4.148505854820484506e-01
6.000000000000000000e+00,1.100000000000000000e+01,1.100000000000000000e+01,2.543848583882568626e-01
8.000000000000000000e+00,1.100000000000000000e+01,8.000000000000000000e+00,9.747687343465232246e-01
8.000000000000000000e+00,1.100000000000000000e+01,1.100000000000000000e+01,7.106986213780441819e-02
8.000000000000000000e+00,1.100000000000000000e+01,8.000000000000000000e+00,2.774369825719209643e+02
8.000000000000000000e+00,1.110000038146972656e+01,8.000000000000000000e+00,4.407848026641900105e+02
9.000000000000000000e+00,1.110000038146972656e+01,1.100000000000000000e+01,6.583859756158111622e+02
9.000000000000000000e+00,1.110000038146972656e+01,1.000000000000000000e+01,9.245411138389973758e+02
8.000000000000000000e+00,1.119999980926513672e+01,8.000000000000000000e+00,1.220572511101093369e+03
8.000000000000000000e+00,1.119999980926513672e+01,7.000000000000000000e+00,1.514930256793932813e+03
8.000000000000000000e+00,1.130000019073486328e+01,8.000000000000000000e+00,1.767719663786366937e+03
8.000000000000000000e+00,1.130000019073486328e+01,9.000000000000000000e+00,1.939214478385412121e+03
8.000000000000000000e+00,1.130000019073486328e+01,8.000000000000000000e+00,2.000000000000000000e+03
7.000000000000000000e+00,1.130000019073486328e+01,9.000000000000000000e+00,1.939214478385412121e+03
7.000000000000000000e+00,1.130000019073486328e+01,7.000000000000000000e+00,1.767719663786366937e+03
7.000000000000000000e+00,1.119999980926513672e+01,8.000000000000000000e+00,1.514930256793932813e+03
5.000000000000000000e+00,1.119999980926513672e+01,8.000000000000000000e+00,1.220572511101093369e+03
4.000000000000000000e+00,1.119999980926513672e+01,1.000000000000000000e+01,9.245411138389973758e+02
3.000000000000000000e+00,1.110000038146972656e+01,1.000000000000000000e+01,6.583859756158111622e+02
3.000000000000000000e+00,1.100000000000000000e+01,1.000000000000000000e+01,4.407848026641900105e+02
2.000000000000000000e+00,1.100000000000000000e+01,8.000000000000000000e+00,2.774369825719209643e+02
0.000000000000000000e+00,1.100000000000000000e+01,8.000000000000000000e+00,1.641699972477975962e+02
1.000000000000000000e+00,1.089999961853027344e+01,1.000000000000000000e+01,9.133030922126044970e+01
1.000000000000000000e+00,1.089999961853027344e+01,8.000000000000000000e+00,5.349703338912924488e-01
3.000000000000000000e+00,1.089999961853027344e+01,9.000000000000000000e+00,5.333903486565166885e-01
3.000000000000000000e+00,1.089999961853027344e+01,1.000000000000000000e+01,9.850314173440065657e-01
3.000000000000000000e+00,1.089999961853027344e+01,8.000000000000000000e+00,7.245227781290053404e-01
4.000000000000000000e+00,1.089999961853027344e+01,1.000000000000000000e+01,5.320947786472575158e-01
3.000000000000000000e+00,1.089999961853027344e+01,7.000000000000000000e+00,3.469850394702242991e-01
2.000000000000000000e+00,1.089999961853027344e+01,9.000000000000000000e+00,7.769079673449398316e-01
2.000000000000000000e+00,1.080000019073486328e+01,1.000000000000000000e+01,3.921196224659270202e-01
2.000000000000000000e+00,1.080000019073486328e+01,1.000000000000000000e+01,1.535496513641543270e-02
2.000000000000000000e+00,1.080000019073486328e+01,1.000000000000000000e+01,7.455205272425092788e-01
2.000000000000000000e+00,1.080000019073486328e+01,1.000000000000000000e+01,4.689159493060701678e-03
2.000000000000000000e+00,1.080000019073486328e+01,1.000000000000000000e+01,5.806235490801220367e-01
1.000000000000000000e+00,1.080000019073486328e+01,9.000000000000000000e+00,3.599897925945437782e-01
1.000000000000000000e+00,1.069999980926513672e+01,9.000000000000000000e+00,0.000000000000000000e+00
1.000000000000000000e+00,1.069999980926513672e+01,9.000000000000000000e+00,4.974780984294907560e-01
0.000000000000000000e+00,1.069999980926513672e+01,8.000000000000000000e+00,1.659603206656704577e-01
0.000000000000000000e+00,1.069999980926513672e+01,6.000000000000000000e+00,8.467972235960279370e-01
0.000000000000000000e+00,1.069999980926513672e+01,8.000000000000000000e+00,1.444496177421418226e-01
0.000000000000000000e+00,1.060000038146972656e+01,7.000000000000000000e+00,1.827012599276842675e-01
0.000000000000000000e+00,1.060000038146972656e+01,8.000000000000000000e+00,3.074899150809141668e-01
0.000000000000000000e+00,1.060000038146972656e+01,1.100000000000000000e+01,1.955696655918367499e-01
0.000000000000000000e+00,1.060000038146972656e+01,8.000000000000000000e+00,1.928178837291611991e-01
0.000000000000000000e+00,1.050000000000000000e+01,9.000000000000000000e+00,6.644539238375199997e-01
0.000000000000000000e+00,1.050000000000000000e+01,9.000000000000000000e+00,5.499472213733941350e-01
0.000000000000000000e+00,1.050000000000000000e+01,1.000000000000000000e+01,7.037768692824544203e-01
0.000000000000000000e+00,1.050000000000000000e+01,1.200000000000000000e+01,1.516581032853575595e-01
0.000000000000000000e+00,1.050000000000000000e+01,1.000000000000000000e+01,9.379172245701095090e-01
1.000000000000000000e+00,1.050000000000000000e+01,9.000000000000000000e+00,4.363889073139413100e-01
2.000000000000000000e+00,1.050000000000000000e+01,7.000000000000000000e+00,4.517324118036556424e-01
2.000000000000000000e+00,1.050000000000000000e+01,9.000000000000000000e+00,2.307508334804012629e-01
2.000000000000000000e+00,1.050000000000000000e+01,1.000000000000000000e+01,2.774369825719209643e+02
3.000000000000000000e+00,1.050000000000000000e+01,1.000000000000000000e+01,4.407848026641900105e+02
3.000000000000000000e+00,1.050000000000000000e+01,1.000000000000000000e+01,6.583859756158111622e+02
3.000000000000000000e+00,1.050000000000000000e+01,1.100000000000000000e+01,9.245411138389973758e+02
3.000000000000000000e+00,1.050000000000000000e+01,1.000000000000000000e+01,1.220572511101093369e+03
3.000000000000000000e+00,1.060000038146972656e+01,8.000000000000000000e+00,1.514930256793932813e+03
3.000000000000000000e+00,1.060000038146972656e+01,8.000000000000000000e+00,1.767719663786366937e+03
3.000000000000000000e+00,1.060000038146972656e+01,9.000000000000000000e+00,1.939214478385412121e+03
3.000000000000000000e+00,1.050000000000000000e+01,7.000000000000000000e+00,2.000000000000000000e+03
2.000000000000000000e+00,1.050000000000000000e+01,8.000000000000000000e+00,1.939214478385412121e+03
1.000000000000000000e+00,1.050000000000000000e+01,1.100000000000000000e+01,1.767719663786366937e+03
1.000000000000000000e+00,1.039999961853027344e+01,9.000000000000000000e+00,1.514930256793932813e+03
0.000000000000000000e+00,1.039999961853027344e+01,8.000000000000000000e+00,1.220572511101093369e+03
-1.000000000000000000e+00,1.030000019073486328e+01,9.000000000000000000e+00,9.245411138389973758e+02
-1.000000000000000000e+00,1.030000019073486328e+01,1.100000000000000000e+01,6.583859756158111622e+02
-1.000000000000000000e+00,1.019999980926513672e+01,9.000000000000000000e+00,4.407848026641900105e+02
-3.000000000000000000e+00,1.010000038146972656e+01,9.000000000000000000e+00,2.774369825719209643e+02
-3.000000000000000000e+00,1.010000038146972656e+01,9.000000000000000000e+00,1.641699972477975962e+02
-3.000000000000000000e+00,1.000000000000000000e+01,1.000000000000000000e+01,9.133030922126044970e+01
-4.000000000000000000e+00,9.899999618530273438e+00,9.000000000000000000e+00,2.609104842302620852e-01
-3.000000000000000000e+00,9.899999618530273438e+00,9.000000000000000000e+00,8.231753576482351287e-01
-4.000000000000000000e+00,9.800000190734863281e+00,9.000000000000000000e+00,9.119275593491785736e-01
-4.000000000000000000e+00,9.600000381469726562e+00,9.000000000000000000e+00,3.864066223228106445e-01
-4.000000000000000000e+00,9.600000381469726562e+00,8.000000000000000000e+00,5.732635166182402653e-01
-4.000000000000000000e+00,9.600000381469726562e+00,1.100000000000000000e+01,9.630554779756567152e-01
-5.000000000000000000e+00,9.600000381469726562e+00,9.000000000000000000e+00,9.412999775104956557e-01
-5.000000000000000000e+00,9.600000381469726562e+00,1.100000000000000000e+01,2.312917155082991894e-01
-5.000000000000000000e+00,9.600000381469726562e+00,1.200000000000000000e+01,9.022968979233633169e-01
-5.000000000000000000e+00,9.500000000000000000e+00,9.000000000000000000e+00,9.770049714867118373e-01
-5.000000000000000000e+00,9.500000000000000000e+00,1.100000000000000000e+01,9.494541463208121534e-01
-5.000000000000000000e+00,9.500000000000000000e+00,1.200000000000000000e+01,4.122118322956960235e-01
-4.000000000000000000e+00,9.399999618530273438e+00,1.000000000000000000e+01,2.089166391177262883e-01
-5.000000000000000000e+00,9.399999618530273438e+00,9.000000000000000000e+00,0.000000000000000000e+00
-5.000000000000000000e+00,9.399999618530273438e+00,1.000000000000000000e+01,8.052292780194211241e-01
-5.000000000000000000e+00,9.300000190734863281e+00,8.000000000000000000e+00,3.210981297710335802e-02
-5.000000000000000000e+00,9.300000190734863281e+00,1.100000000000000000e+01,4.691860276883300651e-01
-5.000000000000000000e+00,9.300000190734863281e+00,1.000000000000000000e+01,8.093555466605132365e-01
-5.000000000000000000e+00,9.199999809265136719e+00,1.100000000000000000e+01,7.657186292824433860e-01
-6.000000000000000000e+00,9.199999809265136719e+00,1.000000000000000000e+01,3.474000681547405600e-01
-5.000000000000000000e+00,9.100000381469726562e+00,1.000000000000000000e+01,9.959032959519409367e-01
-5.000000000000000000e+00,9.100000381469726562e+00,1.200000000000000000e+01,9.430115552801686674e-01
-4.000000000000000000e+00,9.100000381469726562e+00,1.000000000000000000e+01,9.681184297286572482e-01
-3.000000000000000000e+00,9.100000381469726562e+00,8.000000000000000000e+00,6.708955272152408167e-01
-2.000000000000000000e+00,9.100000381469726562e+00,1.000000000000000000e+01,5.366093514795422514e-01
-1.000000000000000000e+00,9.199999809265136719e+00,1.100000000000000000e+01,1.804331510859328302e-01
0.000000000000000000e+00,9.199999809265136719e+00,1.200000000000000000e+01,1.863072407938156649e-01
0.000000000000000000e+00,9.300000190734863281e+00,1.200000000000000000e+01,5.943517160835709578e-01
1.000000000000000000e+00,9.399999618530273438e+00,8.000000000000000000e+00,9.920675683460944416e-02
2.000000000000000000e+00,9.399999618530273438e+00,8.000000000000000000e+00,2.358566672322276458e-01
3.000000000000000000e+00,9.500000000000000000e+00,9.000000000000000000e+00,2.774369825719209643e+02
3.000000000000000000e+00,9.500000000000000000e+00,9.000000000000000000e+00,4.407848026641900105e+02
6.000000000000000000e+00,9.500000000000000000e+00,8.000000000000000000e+00,6.583859756158111622e+02
6.000000000000000000e+00,9.600000381469726562e+00,9.000000000000000000e+00,9.245411138389973758e+02
7.000000000000000000e+00,9.600000381469726562e+00,9.000000000000000000e+00,1.220572511101093369e+03
6.000000000000000000e+00,9.600000381469726562e+00,9.000000000000000000e+00,1.514930256793932813e+03
6.000000000000000000e+00,9.600000381469726562e+00,9.000000000000000000e+00,1.767719663786366937e+03
5.000000000000000000e+00,9.600000381469726562e+00,1.100000000000000000e+01,1.939214478385412121e+03
5.000000000000000000e+00,9.600000381469726562e+00,8.000000000000000000e+00,2.000000000000000000e+03
5.000000000000000000e+00,9.600000381469726562e+00,1.000000000000000000e+01,1.939214478385412121e+03
4.000000000000000000e+00,9.600000381469726562e+00,1.000000000000000000e+01,1.767719663786366937e+03
3.000000000000000000e+00,9.600000381469726562e+00,9.000000000000000000e+00,1.514930256793932813e+03
2.000000000000000000e+00,9.600000381469726562e+00,8.000000000000000000e+00,1.220572511101093369e+03
2.000000000000000000e+00,9.600000381469726562e+00,1.100000000000000000e+01,9.245411138389973758e+02
1.000000000000000000e+00,9.600000381469726562e+00,9.000000000000000000e+00,6.583859756158111622e+02
1.000000000000000000e+00,9.500000000000000000e+00,1.100000000000000000e+01,4.407848026641900105e+02
1.000000000000000000e+00,9.500000000000000000e+00,8.000000000000000000e+00,2.774369825719209643e+02
2.000000000000000000e+00,9.500000000000000000e+00,1.000000000000000000e+01,1.641699972477975962e+02
1.000000000000000000e+00,9.500000000000000000e+00,9.000000000000000000e+00,9.133030922126044970e+01
1.000000000000000000e+00,9.500000000000000000e+00,8.000000000000000000e+00,1.481624208069255433e-01
1.000000000000000000e+00,9.500000000000000000e+00,1.000000000000000000e+01,5.663251757300776790e-01
0.000000000000000000e+00,9.500000000000000000e+00,1.200000000000000000e+01,4.274761202548775785e-01
1.000000000000000000e+00,9.399999618530273438e+00,8.000000000000000000e+00,2.555109474908577871e-01
0.000000000000000000e+00,9.399999618530273438e+00,1.100000000000000000e+01,2.496567197900143587e-01
0.000000000000000000e+00,9.399999618530273438e+00,9.000000000000000000e+00,8.120103395107063360e-01
0.000000000000000000e+00,9.399999618530273438e+00,1.100000000000000000e+01,7.708049643568792852e-01
0.000000000000000000e+00,9.399999618530273438e+00,9.000000000000000000e+00,6.144863897713603862e-01
0.000000000000000000e+00,9.399999618530273438e+00,1.000000000000000000e+01,8.545766299205019845e-01
0.000000000000000000e+00,9.399999618530273438e+00,1.200000000000000000e+01,7.691496051836205217e-01
0.000000000000000000e+00,9.399999618530273438e+00,8.000000000000000000e+00,7.368418129283060836e-02
0.000000000000000000e+00,9.300000190734863281e+00,9.000000000000000000e+00,8.300447198324389930e-02
0.000000000000000000e+00,9.399999618530273438e+00,1.100000000000000000e+01,7.948372878651133178e-04
0.000000000000000000e+00,9.399999618530273438e+00,8.000000000000000000e+00,0.000000000000000000e+00
0.000000000000000000e+00,9.399999618530273438e+00,1.000000000000000000e+01,7.477044136575637934e-01
0.000000000000000000e+00,9.300000190734863281e+00,7.000000000000000000e+00,3.114080599995820986e-01
0.000000000000000000e+00,9.300000190734863281e+00,1.100000000000000000e+01,8.328735363144761372e-01
0.000000000000000000e+00,9.300000190734863281e+00,1.000000000000000000e+01,3.938105139878800287e-02
0.000000000000000000e+00,9.300000190734863281e+00,1.000000000000000000e+01,8.676595982164614362e-01
0.000000000000000000e+00,9.300000190734863281e+00,1.000000000000000000e+01,9.070262732826529506e-01
0.000000000000000000e+00,9.300000190734863281e+00,8.000000000000000000e+00,2.945152284932635034e-01
0.000000000000000000e+00,9.300000190734863281e+00,1.100000000000000000e+01,8.325046464214626019e-01
1.000000000000000000e+00,9.300000190734863281e+00,1.000000000000000000e+01,5.501996333729664013e-01
1.000000000000000000e+00,9.300000190734863281e+00,9.000000000000000000e+00,7.759631227663688069e-02
2.000000000000000000e+00,9.300000190734863281e+00,1.100000000000000000e+01,3.666985497082574375e-01
3.000000000000000000e+00,9.300000190734863281e+00,8.000000000000000000e+00,5.835281361820702228e-01
3.000000000000000000e+00,9.399999618530273438e+00,1.200000000000000000e+01,3.126026409607223222e-01
3.000000000000000000e+00,9.399999618530273438e+00,9.000000000000000000e+00,7.295640892531797261e-01
4.000000000000000000e+00,9.399999618530273438e+00,8.000000000000000000e+00,8.994995917868704449e-01
5.000000000000000000e+00,9.399999618530273438e+00,9.000000000000000000e+00,6.612109398405138228e-01
5.000000000000000000e+00,9.500000000000000000e+00,9.000000000000000000e+00,2.774369825719209643e+02
5.000000000000000000e+00,9.500000000000000000e+00,9.000000000000000000e+00,4.407848026641900105e+02
6.000000000000000000e+00,9.500000000000000000e+00,1.000000000000000000e+01,6.583859756158111622e+02
6.000000000000000000e+00,9.500000000000000000e+00,9.000000000000000000e+00,9.245411138389973758e+02
6.000000000000000000e+00,9.500000000000000000e+00,9.000000000000000000e+00,1.220572511101093369e+03
6.000000000000000000e+00,9.500000000000000000e+00,1.100000000000000000e+01,1.514930256793932813e+03
6.000000000000000000e+00,9.500000000000000000e+00,7.000000000000000000e+00,1.767719663786366937e+03
5.000000000000000000e+00,9.500000000000000000e+00,9.000000000000000000e+00,1.939214478385412121e+03
5.000000000000000000e+00,9.500000000000000000e+00,9.000000000000000000e+00,2.000000000000000000e+03
4.000000000000000000e+00,9.500000000000000000e+00,8.000000000000000000e+00,1.939214478385412121e+03
4.000000000000000000e+00,9.500000000000000000e+00,1.000000000000000000e+01,1.767719663786366937e+03
4.000000000000000000e+00,9.500000000000000000e+00,9.000000000000000000e+00,1.514930256793932813e+03
4.000000000000000000e+00,9.500000000000000000e+00,9.000000000000000000e+00,1.220572511101093369e+03
4.000000000000000000e+00,9.500000000000000000e+00,8.000000000000000000e+00,9.245411138389973758e+02
4.000000000000000000e+00,9.500000000000000000e+00,1.000000000000000000e+01,6.583859756158111622e+02
4.000000000000000000e+00,9.500000000000000000e+00,1.000000000000000000e+01,4.407848026641900105e+02
3.000000000000000000e+00,9.500000000000000000e+00,9.000000000000000000e+00,2.774369825719209643e+02
3.000000000000000000e+00,9.500000000000000000e+00,8.000000000000000000e+00,1.641699972477975962e+02
3.000000000000000000e+00,9.500000000000000000e+00,1.000000000000000000e+01,9.133030922126044970e+01
3.000000000000000000e+00,9.399999618530273438e+00,1.100000000000000000e+01,1.911376349708130418e-01
3.000000000000000000e+00,9.399999618530273438e+00,9.000000000000000000e+00,8.322570011942768131e-01
3.000000000000000000e+00,9.399999618530273438e+00,9.000000000000000000e+00,2.183816864087984033e-02
3.000000000000000000e+00,9.399999618530273438e+00,1.100000000000000000e+01,7.457726720891575400e-01
3.000000000000000000e+00,9.399999618530273438e+00,1.000000000000000000e+01,1.749964933167316161e-01
3.000000000000000000e+00,9.399999618530273438e+00,1.000000000000000000e+01,4.177485266640038608e-01
3.000000000000000000e+00,9.399999618530273438e+00,1.000000000000000000e+01,5.032579863068005199e-01
3.000000000000000000e+00,9.399999618530273438e+00,1.000000000000000000e+01,5.020355648019398931e-01
3.000000000000000000e+00,9.399999618530273438e+00,1.200000000000000000e+01,6.856401002961669544e-01
3.000000000000000000e+00,9.399999618530273438e+00,1.000000000000000000e+01,9.424626238327518113e-01
3.000000000000000000e+00,9.399999618530273438e+00,8.000000000000000000e+00,7.949528170511130920e-01
3.000000000000000000e+00,9.399999618530273438e+00,8.000000000000000000e+00,2.106550655670161865e-01
3.000000000000000000e+00,9.300000190734863281e+00,8.000000000000000000e+00,1.857165636818336463e-02
3.000000000000000000e+00,9.300000190734863281e+00,1.000000000000000000e+01,0.000000000000000000e+00
2.000000000000000000e+00,9.300000190734863281e+00,9.000000000000000000e+00,6.644915592151801054e-02
2.000000000000000000e+00,9.300000190734863281e+00,1.000000000000000000e+01,4.542496978063371715e-01
2.000000000000000000e+00,9.300000190734863281e+00,7.000000000000000000e+00,4.797449219452099012e-01
2.000000000000000000e+00,9.300000190734863281e+00,9.000000000000000000e+00,4.777149912578971813e-01
3.000000000000000000e+00,9.300000190734863281e+00,8.000000000000000000e+00,7.666265629747628374e-01
2.000000000000000000e+00,9.300000190734863281e+00,8.000000000000000000e+00,4.565158656093585288e-01
2.000000000000000000e+00,9.300000190734863281e+00,1.000000000000000000e+01,1.101931356163419196e-01
2.000000000000000000e+00,9.300000190734863281e+00,9.000000000000000000e+00,7.245667637438782949e-01
2.000000000000000000e+00,9.300000190734863281e+00,1.000000000000000000e+01,4.093295629295563565e-01
2.000000000000000000e+00,9.300000190734863281e+00,1.000000000000000000e+01,6.104185842413695218e-01
2.000000000000000000e+00,9.199999809265136719e+00,8.000000000000000000e+00,9.049885871485390254e-01
2.000000000000000000e+00,9.199999809265136719e+00,9.000000000000000000e+00,5.651457662447175734e-01
2.000000000000000000e+00,9.199999809265136719e+00,1.000000000000000000e+01,3.290339852774004648e-01
2.000000000000000000e+00,9.199999809265136719e+00,9.000000000000000000e+00,6.978880958895361530e-01
3.000000000000000000e+00,9.199999809265136719e+00,7.000000000000000000e+00,3.795278838300517599e-01
2.000000000000000000e+00,9.199999809265136719e+00,7.000000000000000000e+00,7.107886756640363624e-01
2.000000000000000000e+00,9.199999809265136719e+00,8.000000000000000000e+00,2.774369825719209643e+02
2.000000000000000000e+00,9.199999809265136719e+00,9.000000000000000000e+00,4.407848026641900105e+02
2.000000000000000000e+00,9.199999809265136719e+00,1.100000000000000000e+01,6.583859756158111622e+02
1.000000000000000000e+00,9.199999809265136719e+00,9.000000000000000000e+00,9.245411138389973758e+02
0.000000000000000000e+00,9.199999809265136719e+00,8.000000000000000000e+00,1.220572511101093369e+03
0.000000000000000000e+00,9.100000381469726562e+00,7.000000000000000000e+00,1.514930256793932813e+03
0.000000000000000000e+00,9.100000381469726562e+00,9.000000000000000000e+00,1.767719663786366937e+03
0.000000000000000000e+00,9.100000381469726562e+00,8.000000000000000000e+00,1.939214478385412121e+03
0.000000000000000000e+00,9.100000381469726562e+00,9.000000000000000000e+00,2.000000000000000000e+03
0.000000000000000000e+00,9.000000000000000000e+00,8.000000000000000000e+00,1.939214478385412121e+03
0.000000000000000000e+00,9.000000000000000000e+00,9.000000000000000000e+00,1.767719663786366937e+03
0.000000000000000000e+00,9.000000000000000000e+00,1.200000000000000000e+01,1.514930256793932813e+03
0.000000000000000000e+00,9.000000000000000000e+00,8.000000000000000000e+00,1.220572511101093369e+03
0.000000000000000000e+00,9.000000000000000000e+00,1.000000000000000000e+01,9.245411138389973758e+02
0.000000000000000000e+00,8.899999618530273438e+00,1.100000000000000000e+01,6.583859756158111622e+02
-1.000000000000000000e+00,8.899999618530273438e+00,8.000000000000000000e+00,4.407848026641900105e+02
-1.000000000000000000e+00,8.899999618530273438e+00,8.000000000000000000e+00,2.774369825719209643e+02
-1.000000000000000000e+00,8.899999618530273438e+00,1.000000000000000000e+01,1.641699972477975962e+02
-2.000000000000000000e+00,8.899999618530273438e+00,9.000000000000000000e+00,9.133030922126044970e+01
-1.000000000000000000e+00,8.800000190734863281e+00,7.000000000000000000e+00,6.464917190260214275e-01
-1.000000000000000000e+00,8.800000190734863281e+00,7.000000000000000000e+00,5.448899307717844920e-01
-2.000000000000000000e+00,8.800000190734863281e+00,9.000000000000000000e+00,5.351192975386576123e-02
-2.000000000000000000e+00,8.800000190734863281e+00,1.000000000000000000e+01,2.599923004520989789e-01
-2.000000000000000000e+00,8.699999809265136719e+00,8.000000000000000000e+00,4.597601198607225159e-01
-2.000000000000000000e+00,8.699999809265136719e+00,9.000000000000000000e+00,2.601509714546627050e-01
-3.000000000000000000e+00,8.699999809265136719e+00,1.000000000000000000e+01,5.610663663177990479e-01
-3.000000000000000000e+00,8.600000381469726562e+00,1.100000000000000000e+01,8.942600885694873547e-03
-3.000000000000000000e+00,8.600000381469726562e+00,1.000000000000000000e+01,8.440142185276789943e-01
-3.000000000000000000e+00,8.500000000000000000e+00,1.100000000000000000e+01,6.477907042085362388e-01
-4.000000000000000000e+00,8.500000000000000000e+00,1.100000000000000000e+01,3.731260823339234145e-01
-3.000000000000000000e+00,8.500000000000000000e+00,1.000000000000000000e+01,9.928052618579853439e-01
-4.000000000000000000e+00,8.399999618530273438e+00,9.000000000000000000e+00,8.230616678599439462e-01
-4.000000000000000000e+00,8.399999618530273438e+00,1.000000000000000000e+01,0.000000000000000000e+00
-4.000000000000000000e+00,8.300000190734863281e+00,9.000000000000000000e+00,7.530422795001894265e-01
-4.000000000000000000e+00,8.300000190734863281e+00,1.000000000000000000e+01,8.704167443496213519e-02
-3.000000000000000000e+00,8.199999809265136719e+00,1.000000000000000000e+01,6.382535627721007687e-01
-3.000000000000000000e+00,8.199999809265136719e+00,1.000000000000000000e+01,4.984799368546162235e-01
-3.000000000000000000e+00,8.199999809265136719e+00,1.000000000000000000e+01,4.475876983504560869e-01
-3.000000000000000000e+00,8.100000381469726562e+00,1.200000000000000000e+01,6.811199514059146365e-01
-2.000000000000000000e+00,8.100000381469726562e+00,1.200000000000000000e+01,3.368844561186865594e-01
-2.000000000000000000e+00,8.199999809265136719e+00,1.000000000000000000e+01,6.938415485740172528e-01
-1.000000000000000000e+00,8.199999809265136719e+00,1.000000000000000000e+01,9.724015469620979069e-01
0.000000000000000000e+00,8.199999809265136719e+00,1.000000000000000000e+01,7.278863368083205998e-01
0.000000000000000000e+00,8.199999809265136719e+00,9.000000000000000000e+00,9.594694015769027473e-01
1.000000000000000000e+00,8.300000190734863281e+00,9.000000000000000000e+00,5.620114684543442429e-01
1.000000000000000000e+00,8.300000190734863281e+00,1.000000000000000000e+01,1.131742227860434991e-01
2.000000000000000000e+00,8.300000190734863281e+00,9.000000000000000000e+00,1.066892709924133209e-01
2.000000000000000000e+00,8.300000190734863281e+00,9.000000000000000000e+00,7.289029503082239403e-01
2.000000000000000000e+00,8.300000190734863281e+00,1.100000000000000000e+01,1.138934604761504543e-01
2.000000000000000000e+00,8.300000190734863281e+00,8.000000000000000000e+00,2.774369825719209643e+02
2.000000000000000000e+00,8.300000190734863281e+00,8.000000000000000000e+00,4.407848026641900105e+02
2.000000000000000000e+00,8.300000190734863281e+00,1.000000000000000000e+01,6.583859756158111622e+02
2.000000000000000000e+00,8.300000190734863281e+00,8.000000000000000000e+00,9.245411138389973758e+02
2.000000000000000000e+00,8.199999809265136719e+00,-4.000000000000000000e+00,1.220572511101093369e+03
2.000000000000000000e+00,8.300000190734863281e+00,-2.000000000000000000e+00,1.514930256793932813e+03
0.000000000000000000e+00,8.199999809265136719e+00,-4.000000000000000000e+00,1.767719663786366937e+03
0.000000000000000000e+00,8.199999809265136719e+00,-3.000000000000000000e+00,1.939214478385412121e+03
0.000000000000000000e+00,8.199999809265136719e+00,-3.000000000000000000e+00,2.000000000000000000e+03
0.000000000000000000e+00,8.199999809265136719e+00,-2.000000000000000000e+00,1.939214478385412121e+03
0.000000000000000000e+00,8.199999809265136719e+00,-3.000000000000000000e+00,1.767719663786366937e+03
0.000000000000000000e+00,8.199999809265136719e+00,-3.000000000000000000e+00,1.514930256793932813e+03
0.000000000000000000e+00,8.199999809265136719e+00,-3.000000000000000000e+00,1.220572511101093369e+03
0.000000000000000000e+00,8.199999809265136719e+00,-3.000000000000000000e+00,9.245411138389973758e+02
1.000000000000000000e+00,8.199999809265136719e+00,-3.000000000000000000e+00,6.583859756158111622e+02
1.000000000000000000e+00,8.100000381469726562e+00,-4.000000000000000000e+00,4.407848026641900105e+02
0.000000000000000000e+00,8.100000381469726562e+00,-2.000000000000000000e+00,2.774369825719209643e+02
0.000000000000000000e+00,8.100000381469726562e+00,-3.000000000000000000e+00,1.641699972477975962e+02
0.000000000000000000e+00,8.100000381469726562e+00,-3.000000000000000000e+00,9.133030922126044970e+01
1.000000000000000000e+00,8.100000381469726562e+00,-4.000000000000000000e+00,1.761033277264227870e-01
0.000000000000000000e+00,8.100000381469726562e+00,-4.000000000000000000e+00,8.064024990567087992e-01
0.000000000000000000e+00,8.100000381469726562e+00,-3.000000000000000000e+00,6.424311441429871872e-01
0.000000000000000000e+00,8.100000381469726562e+00,-1.000000000000000000e+00,9.105102373912172808e-01
0.000000000000000000e+00,8.000000000000000000e+00,-2.000000000000000000e+00,3.549428790974306080e-01
0.000000000000000000e+00,8.000000000000000000e+00,-1.000000000000000000e+00,5.600824482069916010e-01
0.000000000000000000e+00,8.000000000000000000e+00,-3.000000000000000000e+00,9.523693264612707043e-01
0.000000000000000000e+00,8.000000000000000000e+00,-3.000000000000000000e+00,4.562931520457780277e-02
0.000000000000000000e+00,8.000000000000000000e+00,-2.000000000000000000e+00,2.411229256598017567e-01
0.000000000000000000e+00,8.000000000000000000e+00,-2.000000000000000000e+00,1.155628483415752639e-01
0.000000000000000000e+00,8.000000000000000000e+00,-2.000000000000000000e+00,1.244371132511646882e-01
0.000000000000000000e+00,8.000000000000000000e+00,-1.000000000000000000e+00,7.274246205364923723e-01
0.000000000000000000e+00,8.000000000000000000e+00,-4.000000000000000000e+00,3.904728681467511953e-01
0.000000000000000000e+00,8.000000000000000000e+00,-3.000000000000000000e+00,0.000000000000000000e+00
0.000000000000000000e+00,8.000000000000000000e+00,-2.000000000000000000e+00,2.728746099180496820e-01
0.000000000000000000e+00,8.000000000000000000e+00,-1.000000000000000000e+00,2.586134056217866961e-01
0.000000000000000000e+00,7.900000095367431641e+00,-3.000000000000000000e+00,9.894383163818900595e-01
0.000000000000000000e+00,7.900000095367431641e+00,-2.000000000000000000e+00,1.555207527750294139e-01
0.000000000000000000e+00,7.900000095367431641e+00,-1.000000000000000000e+00,6.376805939105489873e-02
0.000000000000000000e+00,8.000000000000000000e+00,-3.000000000000000000e+00,2.692514400773156069e-01
1.000000000000000000e+00,8.000000000000000000e+00,-3.000000000000000000e+00,9.095153125364263680e-01
1.000000000000000000e+00,8.000000000000000000e+00,-3.000000000000000000e+00,8.143039890689943716e-01
1.000000000000000000e+00,8.100000381469726562e+00,-3.000000000000000000e+00,5.764079890267670425e-01
1.000000000000000000e+00,8.199999809265136719e+00,-3.000000000000000000e+00,8.375921224050786318e-01
1.000000000000000000e+00,8.199999809265136719e+00,-3.000000000000000000e+00,1.884961440891893547e-01
1.000000000000000000e+00,8.199999809265136719e+00,-3.000000000000000000e+00,5.655924190653704997e-02
1.000000000000000000e+00,8.600000381469726562e+00,-4.000000000000000000e+00,9.502027634491287955e-01
1.000000000000000000e+00,8.899999618530273438e+00,-2.000000000000000000e+00,5.289906075929260432e-01
1.000000000000000000e+00,9.100000381469726562e+00,-3.000000000000000000e+00,7.865636541739522425e-01
2.000000000000000000e+00,9.000000000000000000e+00,-2.000000000000000000e+00,6.823692744992655435e-01
1.000000000000000000e+00,9.000000000000000000e+00,-2.000000000000000000e+00,2.774369825719209643e+02
2.000000000000000000e+00,8.699999809265136719e+00,-2.000000000000000000e+00,4.407848026641900105e+02
1.000000000000000000e+00,8.600000381469726562e+00,-2.000000000000000000e+00,6.583859756158111622e+02
1.000000000000000000e+00,8.500000000000000000e+00,-3.000000000000000000e+00,9.245411138389973758e+02
2.000000000000000000e+00,8.399999618530273438e+00,-3.000000000000000000e+00,1.220572511101093369e+03
1.000000000000000000e+00,8.300000190734863281e+00,-4.000000000000000000e+00,1.514930256793932813e+03
1.000000000000000000e+00,8.199999809265136719e+00,-2.000000000000000000e+00,1.767719663786366937e+03
0.000000000000000000e+00,8.199999809265136719e+00,-2.000000000000000000e+00,1.939214478385412121e+03
0.000000000000000000e+00,8.100000381469726562e+00,-3.000000000000000000e+00,2.000000000000000000e+03
0.000000000000000000e+00,8.100000381469726562e+00,-3.000000000000000000e+00,1.939214478385412121e+03
0.000000000000000000e+00,8.000000000000000000e+00,-3.000000000000000000e+00,1.767719663786366937e+03
0.000000000000000000e+00,8.000000000000000000e+00,-3.000000000000000000e+00,1.514930256793932813e+03
0.000000000000000000e+00,8.000000000000000000e+00,-2.000000000000000000e+00,1.220572511101093369e+03
0.000000000000000000e+00,7.900000095367431641e+00,-3.000000000000000000e+00,9.245411138389973758e+02
0.000000000000000000e+00,7.900000095367431641e+00,-3.000000000000000000e+00,6.583859756158111622e+02
0.000000000000000000e+00,7.900000095367431641e+00,-2.000000000000000000e+00,4.407848026641900105e+02
0.000000000000000000e+00,7.800000190734863281e+00,-2.000000000000000000e+00,2.774369825719209643e+02
0.000000000000000000e+00,7.800000190734863281e+00,-3.000000000000000000e+00,1.641699972477975962e+02
0.000000000000000000e+00,7.800000190734863281e+00,-2.000000000000000000e+00,9.133030922126044970e+01
0.000000000000000000e+00,7.699999809265136719e+00,-2.000000000000000000e+00,1.759682909449937771e-01
0.000000000000000000e+00,7.699999809265136719e+00,-4.000000000000000000e+00,2.633148704612324753e-01
0.000000000000000000e+00,7.699999809265136719e+00,-2.000000000000000000e+00,2.576325727144153088e-01
0.000000000000000000e+00,7.699999809265136719e+00,-2.000000000000000000e+00,2.783913082249667159e-01
0.000000000000000000e+00,7.699999809265136719e+00,-3.000000000000000000e+00,1.070149944205393000e-01
0.000000000000000000e+00,7.699999809265136719e+00,-4.000000000000000000e+00,2.555078718001093652e-01
0.000000000000000000e+00,7.699999809265136719e+00,-1.000000000000000000e+00,1.749102069449081087e-01
0.000000000000000000e+00,7.599999904632568359e+00,-4.000000000000000000e+00,5.327005246353393453e-01
0.000000000000000000e+00,7.599999904632568359e+00,-2.000000000000000000e+00,7.933493597812721898e-01
0.000000000000000000e+00,7.599999904632568359e+00,-3.000000000000000000e+00,7.863122326120552952e-02
0.000000000000000000e+00,7.599999904632568359e+00,-3.000000000000000000e+00,7.411159349928709839e-01
0.000000000000000000e+00,7.599999904632568359e+00,-2.000000000000000000e+00,3.738093680017690046e-01
0.000000000000000000e+00,7.599999904632568359e+00,-3.000000000000000000e+00,6.267530466640802711e-01
0.000000000000000000e+00,7.599999904632568359e+00,-3.000000000000000000e+00,0.000000000000000000e+00
0.000000000000000000e+00,7.500000000000000000e+00,-3.000000000000000000e+00,3.146772656864502693e-01
0.000000000000000000e+00,7.500000000000000000e+00,-4.000000000000000000e+00,4.606183694193559663e-01
-1.000000000000000000e+00,7.500000000000000000e+00,-4.000000000000000000e+00,3.440752239819730995e-01
-1.000000000000000000e+00,7.500000000000000000e+00,-4.000000000000000000e+00,9.049241131439427210e-01
-1.000000000000000000e+00,7.500000000000000000e+00,-2.000000000000000000e+00,7.584478359264920089e-01
-1.000000000000000000e+00,7.599999904632568359e+00,-5.000000000000000000e+00,7.035278938554189176e-01
-1.000000000000000000e+00,7.599999904632568359e+00,-3.000000000000000000e+00,2.202788170467873119e-01
0.000000000000000000e+00,7.599999904632568359e+00,-4.000000000000000000e+00,1.702143339086384932e-01
0.000000000000000000e+00,7.699999809265136719e+00,-3.000000000000000000e+00,9.810681389339931391e-01
0.000000000000000000e+00,7.699999809265136719e+00,-3.000000000000000000e+00,9.218234787853052392e-01
0.000000000000000000e+00,7.699999809265136719e+00,-3.000000000000000000e+00,5.138316698096595525e-01
0.000000000000000000e+00,7.699999809265136719e+00,-4.000000000000000000e+00,5.661570356188011521e-01
0.000000000000000000e+00,7.699999809265136719e+00,-2.000000000000000000e+00,5.203754168885699194e-02
0.000000000000000000e+00,7.699999809265136719e+00,-5.000000000000000000e+00,6.430782422102553353e-01
0.000000000000000000e+00,7.500000000000000000e+00,-2.000000000000000000e+00,1.656240033022119418e-01
0.000000000000000000e+00,7.400000095367431641e+00,-3.000000000000000000e+00,5.399703100601693784e-02
0.000000000000000000e+00,7.500000000000000000e+00,-2.000000000000000000e+00,2.774369825719209643e+02
-1.000000000000000000e+00,7.500000000000000000e+00,-3.000000000000000000e+00,4.407848026641900105e+02
-1.000000000000000000e+00,7.199999809265136719e+00,-2.000000000000000000e+00,6.583859756158111622e+02
-1.000000000000000000e+00,7.000000000000000000e+00,-1.000000000000000000e+00,9.245411138389973758e+02
-1.000000000000000000e+00,6.900000095367431641e+00,-3.000000000000000000e+00,1.220572511101093369e+03
-1.000000000000000000e+00,6.800000190734863281e+00,-3.000000000000000000e+00,1.514930256793932813e+03
-1.000000000000000000e+00,7.099999904632568359e+00,-5.000000000000000000e+00,1.767719663786366937e+03
-1.000000000000000000e+00,8.600000381469726562e+00,-3.000000000000000000e+00,1.939214478385412121e+03
-1.000000000000000000e+00,9.000000000000000000e+00,-2.000000000000000000e+00,2.000000000000000000e+03
-1.000000000000000000e+00,1.060000038146972656e+01,-4.000000000000000000e+00,1.939214478385412121e+03
-1.000000000000000000e+00,1.080000019073486328e+01,-4.000000000000000000e+00,1.767719663786366937e+03
-1.000000000000000000e+00,1.100000000000000000e+01,9.000000000000000000e+00,1.514930256793932813e+03
-1.000000000000000000e+00,1.189999961853027344e+01,3.606000000000000000e+03,1.220572511101093369e+03
-1.000000000000000000e+00,1.219999980926513672e+01,2.479000000000000000e+03,9.245411138389973758e+02
-1.000000000000000000e+00,1.219999980926513672e+01,1.145000000000000000e+03,6.583859756158111622e+02
-1.000000000000000000e+00,1.119999980926513672e+01,3.689000000000000000e+03,4.407848026641900105e+02
-1.000000000000000000e+00,1.080000019073486328e+01,4.834000000000000000e+03,2.774369825719209643e+02
-1.000000000000000000e+00,1.039999961853027344e+01,2.512000000000000000e+03,1.641699972477975962e+02
-1.000000000000000000e+00,1.019999980926513672e+01,3.636000000000000000e+03,7.147448368488171777e-01
0.000000000000000000e+00,1.000000000000000000e+01,4.758000000000000000e+03,7.708640777693762658e-01
0.000000000000000000e+00,9.699999809265136719e+00,3.549000000000000000e+03,7.730857535860792273e-01
-1.000000000000000000e+00,9.600000381469726562e+00,2.493000000000000000e+03,3.855932242176326463e-01
-1.000000000000000000e+00,9.600000381469726562e+00,4.174000000000000000e+03,2.841020785023039563e-01
-1.000000000000000000e+00,9.600000381469726562e+00,3.564000000000000000e+03,1.274726112965713920e-01
-1.000000000000000000e+00,9.899999618530273438e+00,2.278000000000000000e+03,5.898787708872822444e-01
-1.000000000000000000e+00,1.039999961853027344e+01,4.205000000000000000e+03,3.149843503015292701e-01
-1.000000000000000000e+00,1.060000038146972656e+01,1.128000000000000000e+03,6.006900881726662256e-01
-1.000000000000000000e+00,1.080000019073486328e+01,2.250000000000000000e+03,9.208318171038251121e-01
-1.000000000000000000e+00,1.100000000000000000e+01,2.473000000000000000e+03,1.716127943144423185e-01
-1.000000000000000000e+00,1.110000038146972656e+01,5.630000000000000000e+02,9.441149040051638464e-01
-1.000000000000000000e+00,1.119999980926513672e+01,1.698000000000000000e+03,2.502450682688784900e-01
-1.000000000000000000e+00,1.130000019073486328e+01,3.575000000000000000e+03,6.676812985109422671e-01
-1.000000000000000000e+00,1.139999961853027344e+01,2.466000000000000000e+03,9.882585896461593133e-01
-1.000000000000000000e+00,1.160000038146972656e+01,2.235000000000000000e+03,2.501385546939203230e-01
