Text,Tint synthetic,Qhvac,Qsun
0.000000000000000000e+00,2.270000076293945312e+01,2.534000000000000000e+03,2.774369825719209643e+02
0.000000000000000000e+00,2.271169880477629732e+01,1.174000000000000000e+03,4.407848026641900105e+02
0.000000000000000000e+00,2.246085421976819418e+01,2.941000000000000000e+03,6.583859756158111622e+02
0.000000000000000000e+00,2.255900028236230881e+01,1.806000000000000000e+03,9.245411138389973758e+02
1.000000000000000000e+00,2.243473640369488464e+01,3.670000000000000000e+03,1.220572511101093369e+03
1.000000000000000000e+00,2.269274140500562709e+01,4.289000000000000000e+03,1.514930256793932813e+03
1.000000000000000000e+00,2.305978642324573613e+01,3.150000000000000000e+03,1.767719663786366937e+03
1.000000000000000000e+00,2.319370295748971955e+01,3.200000000000000000e+03,1.939214478385412121e+03
1.000000000000000000e+00,2.333218222776558903e+01,4.297000000000000000e+03,2.000000000000000000e+03
1.000000000000000000e+00,2.367643098117375899e+01,2.947000000000000000e+03,1.939214478385412121e+03
1.000000000000000000e+00,2.374793700297373178e+01,2.922000000000000000e+03,1.767719663786366937e+03
1.000000000000000000e+00,2.381193439525156208e+01,3.198000000000000000e+03,1.514930256793932813e+03
1.000000000000000000e+00,2.392650392006970250e+01,2.929000000000000000e+03,1.220572511101093369e+03
1.000000000000000000e+00,2.398478244490609157e+01,1.814000000000000000e+03,9.245411138389973758e+02
1.000000000000000000e+00,2.382612383036804715e+01,1.100000000000000000e+01,6.583859756158111622e+02
2.000000000000000000e+00,2.332644410485044162e+01,3.697000000000000000e+03,4.407848026641900105e+02
2.000000000000000000e+00,2.357363313974190788e+01,1.165000000000000000e+03,2.774369825719209643e+02
1.000000000000000000e+00,2.332389477030901404e+01,1.100000000000000000e+01,1.641699972477975962e+02
1.000000000000000000e+00,2.284201264104568097e+01,1.384000000000000000e+03,9.133030922126044970e+01
1.000000000000000000e+00,2.264207447430568010e+01,1.166000000000000000e+03,3.509644996871285061e-01
1.000000000000000000e+00,2.240723338775325502e+01,5.770000000000000000e+02,2.463141299497551007e-01
0.000000000000000000e+00,2.206747526030305551e+01,1.000000000000000000e+01,3.067569319273985018e-01
0.000000000000000000e+00,2.161178233058361187e+01,1.100000000000000000e+01,5.897092990083996344e-02
0.000000000000000000e+00,2.117306118740970078e+01,1.100000000000000000e+01,1.762919451669966442e-01
0.000000000000000000e+00,2.075045359441308790e+01,1.100000000000000000e+01,3.168918007670640247e-02
0.000000000000000000e+00,2.034332717718875472e+01,1.396000000000000000e+03,5.267210131345897439e-01
0.000000000000000000e+00,2.021743110605019922e+01,1.164000000000000000e+03,1.485587441632894024e-01
0.000000000000000000e+00,2.005098385530528304e+01,1.400000000000000000e+01,1.246692278749438332e-01
0.000000000000000000e+00,1.966899508108406280e+01,1.100000000000000000e+01,7.377334248327138688e-02
0.000000000000000000e+00,1.930032076767026084e+01,2.371000000000000000e+03,4.547176561377812565e-01
0.000000000000000000e+00,1.939887900808433585e+01,2.864000000000000000e+03,7.285910844844911693e-01
0.000000000000000000e+00,1.958767135606113996e+01,1.796000000000000000e+03,9.047476432644740996e-01
0.000000000000000000e+00,1.956303720415631275e+01,3.167000000000000000e+03,0.000000000000000000e+00
0.000000000000000000e+00,1.980223565225679394e+01,2.955000000000000000e+03,6.377539006930187382e-01
0.000000000000000000e+00,1.999070674267147041e+01,1.770000000000000000e+03,8.127047147981921738e-01
0.000000000000000000e+00,1.994328741413398376e+01,3.146000000000000000e+03,4.960026159583641459e-01
0.000000000000000000e+00,2.016156163105719656e+01,5.475000000000000000e+03,1.374696552415347606e-01
0.000000000000000000e+00,2.081860764541890418e+01,1.734000000000000000e+03,3.960384996397435797e-01
-1.000000000000000000e+00,2.073024149963073626e+01,1.783000000000000000e+03,7.979236083405359947e-01
-1.000000000000000000e+00,2.063470932363690480e+01,3.144000000000000000e+03,8.012307380912292443e-01
-1.000000000000000000e+00,2.080383469177430555e+01,2.929000000000000000e+03,4.614139939558986603e-01
-1.000000000000000000e+00,2.092436901018597339e+01,1.794000000000000000e+03,1.792217841689718316e-01
-2.000000000000000000e+00,2.082125697882861814e+01,1.300000000000000000e+01,8.770936247001129837e-01
-2.000000000000000000e+00,2.035958606805460036e+01,3.663000000000000000e+03,4.407149216179115925e-01
-2.000000000000000000e+00,2.061681370011201508e+01,1.143000000000000000e+03,9.977418335107511860e-01
-2.000000000000000000e+00,2.037874567489473776e+01,1.766000000000000000e+03,6.681211942300170348e-01
-2.000000000000000000e+00,2.026885370131910236e+01,1.377000000000000000e+03,7.623208242708089388e-01
-2.000000000000000000e+00,2.008758877861724201e+01,3.635000000000000000e+03,1.477241547906840147e-01
-2.000000000000000000e+00,2.034674732910413297e+01,1.100000000000000000e+01,8.458650138154172327e-01
-2.000000000000000000e+00,1.989822233116654360e+01,1.354000000000000000e+03,2.774369825719209643e+02
-2.000000000000000000e+00,1.972452715261972855e+01,3.617000000000000000e+03,4.407848026641900105e+02
-1.000000000000000000e+00,1.999209006887067019e+01,1.149000000000000000e+03,6.583859756158111622e+02
-1.000000000000000000e+00,1.979347920022810570e+01,1.400000000000000000e+01,9.245411138389973758e+02
-2.000000000000000000e+00,1.938382794395387165e+01,2.281000000000000000e+03,1.220572511101093369e+03
0.000000000000000000e+00,1.940633082999850956e+01,2.319000000000000000e+03,1.514930256793932813e+03
0.000000000000000000e+00,1.947359828819081784e+01,1.200000000000000000e+01,1.767719663786366937e+03
0.000000000000000000e+00,1.909456840107366915e+01,1.359000000000000000e+03,1.939214478385412121e+03
0.000000000000000000e+00,1.898916064187556429e+01,2.972000000000000000e+03,2.000000000000000000e+03
0.000000000000000000e+00,1.919803619403898765e+01,1.141000000000000000e+03,1.939214478385412121e+03
1.000000000000000000e+00,1.904677031809704246e+01,4.246000000000000000e+03,1.767719663786366937e+03
0.000000000000000000e+00,1.951766676628824015e+01,4.151000000000000000e+03,1.514930256793932813e+03
0.000000000000000000e+00,1.993283082816040164e+01,1.200000000000000000e+01,1.220572511101093369e+03
0.000000000000000000e+00,1.953581702819222343e+01,1.793000000000000000e+03,9.245411138389973758e+02
1.000000000000000000e+00,1.949621058298857790e+01,3.184000000000000000e+03,6.583859756158111622e+02
1.000000000000000000e+00,1.974444312706075522e+01,1.168000000000000000e+03,4.407848026641900105e+02
1.000000000000000000e+00,1.959493342014775408e+01,1.777000000000000000e+03,2.774369825719209643e+02
0.000000000000000000e+00,1.956772531750592137e+01,3.152000000000000000e+03,1.641699972477975962e+02
0.000000000000000000e+00,1.978612074937100118e+01,4.246000000000000000e+03,9.133030922126044970e+01
0.000000000000000000e+00,2.020585644019087113e+01,1.782000000000000000e+03,3.411353609764551376e-01
0.000000000000000000e+00,2.013492275871861636e+01,1.409000000000000000e+03,8.967861893046711330e-01
0.000000000000000000e+00,1.999430452184084217e+01,1.780000000000000000e+03,6.602314503380084521e-01
0.000000000000000000e+00,1.992975898174217875e+01,1.801000000000000000e+03,6.898421203961284665e-01
0.000000000000000000e+00,1.987105305211758832e+01,3.212000000000000000e+03,3.058735840852666588e-02
0.000000000000000000e+00,2.008528049364164403e+01,1.798000000000000000e+03,1.703750639170009684e-02
0.000000000000000000e+00,2.001867475357328630e+01,1.799000000000000000e+03,8.655571922059166479e-01
0.000000000000000000e+00,1.995415301774223948e+01,1.810000000000000000e+03,5.830455052694440976e-01
0.000000000000000000e+00,1.989355844913425031e+01,1.818000000000000000e+03,6.518600251466377671e-01
0.000000000000000000e+00,1.983616357605656688e+01,1.772000000000000000e+03,5.538806142837741087e-01
0.000000000000000000e+00,1.977146086836533456e+01,1.809000000000000000e+03,2.237211088686519300e-02
0.000000000000000000e+00,1.971569326114912357e+01,3.169000000000000000e+03,4.918141367065999026e-01
0.000000000000000000e+00,1.992295095788714931e+01,2.926000000000000000e+03,8.513600889362855639e-01
0.000000000000000000e+00,2.007485694873792781e+01,1.200000000000000000e+01,0.000000000000000000e+00
1.000000000000000000e+00,1.965987266342295214e+01,3.059000000000000000e+03,8.003939023772785877e-01
1.000000000000000000e+00,1.986542762848728572e+01,1.741000000000000000e+03,4.423548594027623126e-01
1.000000000000000000e+00,1.980900125095488207e+01,1.739000000000000000e+03,7.629224882687857257e-02
1.000000000000000000e+00,1.975374684804561554e+01,1.000000000000000000e+01,6.329310854580758594e-01
1.000000000000000000e+00,1.936749182050223084e+01,1.413000000000000000e+03,7.993469971333677648e-01
1.000000000000000000e+00,1.926527329502331654e+01,1.180000000000000000e+03,8.822205242300702466e-01
1.000000000000000000e+00,1.912154843065321685e+01,1.300000000000000000e+01,2.373748522740841693e-01
1.000000000000000000e+00,1.875828658792265458e+01,2.593000000000000000e+03,4.312247311215766654e-02
1.000000000000000000e+00,1.890451650414672358e+01,1.400000000000000000e+01,2.688070969646122466e-01
1.000000000000000000e+00,1.854851593119190056e+01,1.100000000000000000e+01,2.058773641379044728e-01
2.000000000000000000e+00,1.820497542577526318e+01,1.399000000000000000e+03,3.077930500940809777e-01
2.000000000000000000e+00,1.816018576620499303e+01,2.549000000000000000e+03,6.159156912389183169e-01
2.000000000000000000e+00,1.833766590690152398e+01,1.100000000000000000e+01,3.384046741407507053e-01
2.000000000000000000e+00,1.801962636752824665e+01,2.988000000000000000e+03,3.865051602279068188e-02
2.000000000000000000e+00,1.828571505553615850e+01,1.369000000000000000e+03,6.727819974507343037e-02
2.000000000000000000e+00,1.822961961546464238e+01,1.366000000000000000e+03,4.315681298709350688e-02
2.000000000000000000e+00,1.817450126013896394e+01,1.300000000000000000e+01,2.774369825719209643e+02
3.000000000000000000e+00,1.786080367683065973e+01,1.380000000000000000e+03,4.407848026641900105e+02
3.000000000000000000e+00,1.784088205304368202e+01,1.371000000000000000e+03,6.583859756158111622e+02
4.000000000000000000e+00,1.781967531891054080e+01,9.000000000000000000e+00,9.245411138389973758e+02
4.000000000000000000e+00,1.755640282271673769e+01,7.000000000000000000e+00,1.220572511101093369e+03
4.000000000000000000e+00,1.730278692078200820e+01,9.000000000000000000e+00,1.514930256793932813e+03
4.000000000000000000e+00,1.705932921068881569e+01,8.000000000000000000e+00,1.767719663786366937e+03
5.000000000000000000e+00,1.682514986182761163e+01,8.000000000000000000e+00,1.939214478385412121e+03
5.000000000000000000e+00,1.661941078868154520e+01,7.000000000000000000e+00,2.000000000000000000e+03
6.000000000000000000e+00,1.642160995885287988e+01,7.000000000000000000e+00,1.939214478385412121e+03
6.000000000000000000e+00,1.625087274739023968e+01,8.000000000000000000e+00,1.767719663786366937e+03
6.000000000000000000e+00,1.608704691479741911e+01,9.000000000000000000e+00,1.514930256793932813e+03
6.000000000000000000e+00,1.592976316760372768e+01,6.000000000000000000e+00,1.220572511101093369e+03
6.000000000000000000e+00,1.577788188023315463e+01,9.000000000000000000e+00,9.245411138389973758e+02
6.000000000000000000e+00,1.563223040650344053e+01,1.000000000000000000e+01,6.583859756158111622e+02
6.000000000000000000e+00,1.549207794606953748e+01,9.000000000000000000e+00,4.407848026641900105e+02
5.000000000000000000e+00,1.535674101557652449e+01,9.000000000000000000e+00,2.774369825719209643e+02
5.000000000000000000e+00,1.520689084067148045e+01,1.000000000000000000e+01,1.641699972477975962e+02
5.000000000000000000e+00,1.506246171968248859e+01,6.000000000000000000e+00,9.133030922126044970e+01
5.000000000000000000e+00,1.492225246761216795e+01,7.000000000000000000e+00,9.868011332050231621e-01
5.000000000000000000e+00,1.478702478530938436e+01,8.000000000000000000e+00,8.663303634382643059e-01
5.000000000000000000e+00,1.465658443482775652e+01,7.000000000000000000e+00,9.505006884838896886e-01
6.000000000000000000e+00,1.453036028395091250e+01,8.000000000000000000e+00,7.022922093152856871e-01
5.000000000000000000e+00,1.442784226572117667e+01,6.000000000000000000e+00,1.552676808957482724e-01
6.000000000000000000e+00,1.430903935303436647e+01,6.000000000000000000e+00,4.462806327723830568e-01
5.000000000000000000e+00,1.421346124046404746e+01,8.000000000000000000e+00,9.967029161309362006e-01
5.000000000000000000e+00,1.410209767187230590e+01,1.000000000000000000e+01,1.973320189159826210e-01
5.000000000000000000e+00,1.399478458393264724e+01,9.000000000000000000e+00,3.619370914383794879e-01
5.000000000000000000e+00,1.389078780452520867e+01,9.000000000000000000e+00,1.596706718073881426e-03
5.000000000000000000e+00,1.379017056387729490e+01,8.000000000000000000e+00,1.363584637775751007e-01
5.000000000000000000e+00,1.369260935772072685e+01,8.000000000000000000e+00,9.975488683546662738e-02
6.000000000000000000e+00,1.359817779872603438e+01,7.000000000000000000e+00,3.096815585859824527e-02
6.000000000000000000e+00,1.352583196879913174e+01,7.000000000000000000e+00,0.000000000000000000e+00
6.000000000000000000e+00,1.345568358569837919e+01,8.000000000000000000e+00,3.032859296472084631e-01
6.000000000000000000e+00,1.338784028816872507e+01,6.000000000000000000e+00,6.555428756501180398e-01
6.000000000000000000e+00,1.332163642640275469e+01,1.000000000000000000e+01,7.373718905659536471e-01
6.000000000000000000e+00,1.325816272300814092e+01,9.000000000000000000e+00,7.656157010506197125e-01
6.000000000000000000e+00,1.319635260858154879e+01,8.000000000000000000e+00,3.866218896311801601e-02
6.000000000000000000e+00,1.313614184614548108e+01,8.000000000000000000e+00,7.438116336905374881e-01
6.000000000000000000e+00,1.307766159298209807e+01,6.000000000000000000e+00,8.391840220061888012e-01
6.000000000000000000e+00,1.302046085275977561e+01,8.000000000000000000e+00,7.257019631228498469e-01
6.000000000000000000e+00,1.296525981720460230e+01,9.000000000000000000e+00,4.073910748811818694e-01
7.000000000000000000e+00,1.291178942704177679e+01,7.000000000000000000e+00,4.626877119719727816e-01
7.000000000000000000e+00,1.287867635592065696e+01,8.000000000000000000e+00,2.342213035268252419e-01
7.000000000000000000e+00,1.284648463600789547e+01,9.000000000000000000e+00,8.561762297452665260e-01
7.000000000000000000e+00,1.281518003921960513e+01,7.000000000000000000e+00,3.908863714987331761e-02
8.000000000000000000e+00,1.278415218537374365e+01,1.161000000000000000e+03,1.428164430646172711e-01
8.000000000000000000e+00,1.299497747846119644e+01,1.161000000000000000e+03,7.153159951606961053e-01
8.000000000000000000e+00,1.319720996315302841e+01,1.161000000000000000e+03,3.193624033671491613e-01
8.000000000000000000e+00,1.339118934027559504e+01,1.161000000000000000e+03,2.774369825719209643e+02
8.000000000000000000e+00,1.357734821970972483e+01,1.161000000000000000e+03,4.407848026641900105e+02
8.000000000000000000e+00,1.375605824496432206e+01,1.161000000000000000e+03,6.583859756158111622e+02
8.000000000000000000e+00,1.392769699592728294e+01,1.161000000000000000e+03,9.245411138389973758e+02
8.000000000000000000e+00,1.409264551120233300e+01,1.161000000000000000e+03,1.220572511101093369e+03
8.000000000000000000e+00,1.425128094277930302e+01,1.161000000000000000e+03,1.514930256793932813e+03
8.000000000000000000e+00,1.440396459022074005e+01,1.161000000000000000e+03,1.767719663786366937e+03
8.000000000000000000e+00,1.455102724542907566e+01,1.161000000000000000e+03,1.939214478385412121e+03
8.000000000000000000e+00,1.469275522471329332e+01,1.161000000000000000e+03,2.000000000000000000e+03
8.000000000000000000e+00,1.482938094652424610e+01,1.161000000000000000e+03,1.939214478385412121e+03
8.000000000000000000e+00,1.496108102112173022e+01,1.161000000000000000e+03,1.767719663786366937e+03
8.000000000000000000e+00,1.508798274960165919e+01,1.161000000000000000e+03,1.514930256793932813e+03
8.000000000000000000e+00,1.521017746156263328e+01,1.161000000000000000e+03,1.220572511101093369e+03
8.000000000000000000e+00,1.532773724364709622e+01,1.161000000000000000e+03,9.245411138389973758e+02
8.000000000000000000e+00,1.544073102794464880e+01,1.161000000000000000e+03,6.583859756158111622e+02
8.000000000000000000e+00,1.554923680406659336e+01,1.161000000000000000e+03,4.407848026641900105e+02
8.000000000000000000e+00,1.565334838283773422e+01,1.161000000000000000e+03,2.774369825719209643e+02
8.000000000000000000e+00,1.575317690040106555e+01,1.161000000000000000e+03,1.641699972477975962e+02
8.000000000000000000e+00,1.584884847486969228e+01,1.161000000000000000e+03,9.133030922126044970e+01
8.000000000000000000e+00,1.594049986051055079e+01,1.161000000000000000e+03,7.413142732926875089e-01
8.000000000000000000e+00,1.602825569526451233e+01,1.161000000000000000e+03,2.072030238588441486e-01
8.000000000000000000e+00,1.611227029794594401e+01,1.161000000000000000e+03,2.326371499877613047e-01
8.000000000000000000e+00,1.619269211086068339e+01,1.161000000000000000e+03,5.990851197809168305e-01
8.000000000000000000e+00,1.626966384734258853e+01,1.161000000000000000e+03,5.453098152932341902e-01
8.000000000000000000e+00,1.634332242580497407e+01,1.161000000000000000e+03,9.337554960269358606e-01
8.000000000000000000e+00,1.641379952927343666e+01,1.161000000000000000e+03,3.896626211882273649e-01
8.000000000000000000e+00,1.648122128480919457e+01,1.161000000000000000e+03,4.627192735687747360e-01
8.000000000000000000e+00,1.654570907746644792e+01,1.161000000000000000e+03,3.436800380880999928e-01
8.000000000000000000e+00,1.660737942669831213e+01,1.161000000000000000e+03,3.841714549752266450e-01
8.000000000000000000e+00,1.666634431327192445e+01,1.161000000000000000e+03,8.975001127807740176e-01
8.000000000000000000e+00,1.672271147821088277e+01,1.161000000000000000e+03,3.677508320674244269e-01
8.000000000000000000e+00,1.677658400882221912e+01,1.161000000000000000e+03,6.844521468929225527e-01
8.000000000000000000e+00,1.682806124736868725e+01,1.161000000000000000e+03,0.000000000000000000e+00
8.000000000000000000e+00,1.687723823008789736e+01,1.161000000000000000e+03,5.222086363093718653e-01
8.000000000000000000e+00,1.692420670403251393e+01,1.161000000000000000e+03,2.249707381192723732e-01
8.000000000000000000e+00,1.696905447931546007e+01,1.161000000000000000e+03,8.308175375682727015e-01
8.000000000000000000e+00,1.701186624527381852e+01,1.161000000000000000e+03,5.655722517684815820e-01
8.000000000000000000e+00,1.705272301292296433e+01,1.161000000000000000e+03,8.040405492522039177e-01
8.000000000000000000e+00,1.709170278776092644e+01,1.161000000000000000e+03,4.063780882616707668e-01
8.000000000000000000e+00,1.712888025113167600e+01,1.161000000000000000e+03,4.118225396497554591e-02
8.000000000000000000e+00,1.716432714824457051e+01,1.161000000000000000e+03,9.667237217909147029e-01
8.000000000000000000e+00,1.719811288603773036e+01,1.161000000000000000e+03,8.293136912150478324e-02
8.000000000000000000e+00,1.723030343637618245e+01,1.161000000000000000e+03,2.423873433984581327e-01
8.000000000000000000e+00,1.726096256643883819e+01,1.161000000000000000e+03,8.360867534304672333e-02
8.000000000000000000e+00,1.729015140296927200e+01,1.161000000000000000e+03,3.512397095342401077e-02
8.000000000000000000e+00,1.731792870099216586e+01,8.000000000000000000e+00,3.010122026640470461e-01
8.000000000000000000e+00,1.712261175177527406e+01,8.000000000000000000e+00,3.934427975922601961e-01
7.000000000000000000e+00,1.693450587768993287e+01,6.000000000000000000e+00,5.566557747317605331e-01
7.000000000000000000e+00,1.673367360541437776e+01,6.000000000000000000e+00,4.862633635387146880e-01
7.000000000000000000e+00,1.654021373623951163e+01,8.000000000000000000e+00,2.774369825719209643e+02
8.000000000000000000e+00,1.635432770778474776e+01,7.000000000000000000e+00,4.407848026641900105e+02
7.000000000000000000e+00,1.619447382714015760e+01,9.000000000000000000e+00,6.583859756158111622e+02
7.000000000000000000e+00,1.602180529946747356e+01,1.000000000000000000e+01,9.245411138389973758e+02
7.000000000000000000e+00,1.585594952823132786e+01,8.000000000000000000e+00,1.220572511101093369e+03
7.000000000000000000e+00,1.569617492744301579e+01,7.000000000000000000e+00,1.514930256793932813e+03
8.000000000000000000e+00,1.554254644635187077e+01,9.000000000000000000e+00,1.767719663786366937e+03
7.000000000000000000e+00,1.541476487067168577e+01,7.000000000000000000e+00,1.939214478385412121e+03
8.000000000000000000e+00,1.527262597698771351e+01,8.000000000000000000e+00,2.000000000000000000e+03
8.000000000000000000e+00,1.515577618117764125e+01,7.000000000000000000e+00,1.939214478385412121e+03
8.000000000000000000e+00,1.504359826756573959e+01,9.000000000000000000e+00,1.767719663786366937e+03
8.000000000000000000e+00,1.493641819483607591e+01,8.000000000000000000e+00,1.514930256793932813e+03
8.000000000000000000e+00,1.483336483812389162e+01,8.000000000000000000e+00,1.220572511101093369e+03
8.000000000000000000e+00,1.473435444517258475e+01,8.000000000000000000e+00,9.245411138389973758e+02
7.000000000000000000e+00,1.463911414804276134e+01,7.000000000000000000e+00,6.583859756158111622e+02
7.000000000000000000e+00,1.452793149045805698e+01,7.000000000000000000e+00,4.407848026641900105e+02
7.000000000000000000e+00,1.442075597859879466e+01,7.000000000000000000e+00,2.774369825719209643e+02
6.000000000000000000e+00,1.431736802722953961e+01,1.000000000000000000e+01,1.641699972477975962e+02
6.000000000000000000e+00,1.419888320983917929e+01,8.000000000000000000e+00,9.133030922126044970e+01
6.000000000000000000e+00,1.408412077711894383e+01,7.000000000000000000e+00,7.423915001382869194e-01
6.000000000000000000e+00,1.397309270538687187e+01,5.000000000000000000e+00,7.094104607913532812e-01
6.000000000000000000e+00,1.386546086317282267e+01,7.000000000000000000e+00,6.499147802410661923e-01
6.000000000000000000e+00,1.376186181560001565e+01,8.000000000000000000e+00,9.129038108719967903e-01
5.000000000000000000e+00,1.366194637884068364e+01,7.000000000000000000e+00,6.277646140319663726e-01
5.000000000000000000e+00,1.354591659374036183e+01,8.000000000000000000e+00,2.583639631961214267e-01
4.000000000000000000e+00,1.343400532707945416e+01,8.000000000000000000e+00,4.154105813859232388e-01
4.000000000000000000e+00,1.330659010551878652e+01,8.000000000000000000e+00,7.661162077061614006e-01
4.000000000000000000e+00,1.318349572371703360e+01,8.000000000000000000e+00,5.650965321224686866e-01
4.000000000000000000e+00,1.306455367179772686e+01,6.000000000000000000e+00,3.970525636945165804e-02
4.000000000000000000e+00,1.294921732877411102e+01,9.000000000000000000e+00,3.655464874365091932e-01
3.000000000000000000e+00,1.283830775623026810e+01,8.000000000000000000e+00,7.664222014245213321e-01
3.000000000000000000e+00,1.271161402092617543e+01,9.000000000000000000e+00,9.112556502755442267e-01
3.000000000000000000e+00,1.258935646002863251e+01,7.000000000000000000e+00,0.000000000000000000e+00
3.000000000000000000e+00,1.247078514286897111e+01,8.000000000000000000e+00,1.350242352523655098e-01
3.000000000000000000e+00,1.235633339654947527e+01,1.100000000000000000e+01,5.004753466969136255e-02
3.000000000000000000e+00,1.224622566342678098e+01,7.000000000000000000e+00,9.675733498130412169e-02
2.000000000000000000e+00,1.213894714994234292e+01,8.000000000000000000e+00,9.183625932762780053e-01
2.000000000000000000e+00,1.201607964448569454e+01,1.000000000000000000e+01,7.503746233010946121e-01
2.000000000000000000e+00,1.189764389489356233e+01,8.000000000000000000e+00,5.362971371388280950e-02
2.000000000000000000e+00,1.178269825128206882e+01,7.000000000000000000e+00,3.292814360333400359e-01
2.000000000000000000e+00,1.167129933574642742e+01,9.000000000000000000e+00,8.027218961071135306e-01
1.000000000000000000e+00,1.156388644224072770e+01,7.000000000000000000e+00,4.487725373808978402e-01
1.000000000000000000e+00,1.144026580441197716e+01,7.000000000000000000e+00,8.239059477112624652e-01
0.000000000000000000e+00,1.132067462699663984e+01,1.000000000000000000e+01,7.349427479567300914e-01
0.000000000000000000e+00,1.118626348230687562e+01,8.000000000000000000e+00,7.941101430217405444e-01
1.000000000000000000e+00,1.105586967827708555e+01,8.000000000000000000e+00,4.619204865677470906e-01
1.000000000000000000e+00,1.094899123171635580e+01,9.000000000000000000e+00,1.288411502769967187e-01
3.000000000000000000e+00,1.084568406973107102e+01,9.000000000000000000e+00,4.162377464715923958e-01
4.000000000000000000e+00,1.078415735098365325e+01,8.000000000000000000e+00,7.021091513697147457e-01
5.000000000000000000e+00,1.074342052304637107e+01,9.000000000000000000e+00,2.774369825719209643e+02
6.000000000000000000e+00,1.072320458655725339e+01,8.000000000000000000e+00,4.407848026641900105e+02
7.000000000000000000e+00,1.072243838428314788e+01,9.000000000000000000e+00,6.583859756158111622e+02
7.000000000000000000e+00,1.074088229830646490e+01,8.000000000000000000e+00,9.245411138389973758e+02
7.000000000000000000e+00,1.075828568545837882e+01,7.000000000000000000e+00,1.220572511101093369e+03
7.000000000000000000e+00,1.077480315650969445e+01,7.000000000000000000e+00,1.514930256793932813e+03
7.000000000000000000e+00,1.079077456475324226e+01,9.000000000000000000e+00,1.767719663786366937e+03
7.000000000000000000e+00,1.080670262202758813e+01,8.000000000000000000e+00,1.939214478385412121e+03
7.000000000000000000e+00,1.082207761604269791e+01,7.000000000000000000e+00,2.000000000000000000e+03
7.000000000000000000e+00,1.083694367042455653e+01,9.000000000000000000e+00,1.939214478385412121e+03
7.000000000000000000e+00,1.085187347440567152e+01,7.000000000000000000e+00,1.767719663786366937e+03
7.000000000000000000e+00,1.086602919120996624e+01,9.000000000000000000e+00,1.514930256793932813e+03
6.000000000000000000e+00,1.088011278830998130e+01,6.000000000000000000e+00,1.220572511101093369e+03
5.000000000000000000e+00,1.087378306813400286e+01,1.000000000000000000e+01,9.245411138389973758e+02
4.000000000000000000e+00,1.084901890529963708e+01,9.000000000000000000e+00,6.583859756158111622e+02
4.000000000000000000e+00,1.080542670257125693e+01,7.000000000000000000e+00,4.407848026641900105e+02
4.000000000000000000e+00,1.076268550423043102e+01,6.000000000000000000e+00,2.774369825719209643e+02
4.000000000000000000e+00,1.072089246721523814e+01,9.000000000000000000e+00,1.641699972477975962e+02
2.000000000000000000e+00,1.068073743128798547e+01,1.200000000000000000e+01,9.133030922126044970e+01
1.000000000000000000e+00,1.060359055899809988e+01,8.000000000000000000e+00,7.068604833209015670e-01
1.000000000000000000e+00,1.050868516458675472e+01,8.000000000000000000e+00,7.259106260001636501e-01
0.000000000000000000e+00,1.041670364305010565e+01,9.000000000000000000e+00,5.908728244699369414e-01
0.000000000000000000e+00,1.030845546312377081e+01,7.000000000000000000e+00,2.508648361389832493e-01
0.000000000000000000e+00,1.020321900157148143e+01,8.000000000000000000e+00,5.643615156428317681e-01
0.000000000000000000e+00,1.010145462382958215e+01,1.000000000000000000e+01,9.833229175566945424e-01
0.000000000000000000e+00,1.000322055210641814e+01,8.000000000000000000e+00,1.635463247629461714e-01
-1.000000000000000000e+00,9.907610858995580472e+00,8.000000000000000000e+00,7.373791307173245269e-01
-1.000000000000000000e+00,9.795639139784892535e+00,9.000000000000000000e+00,5.291667906855660464e-01
-1.000000000000000000e+00,9.687356773542747490e+00,1.000000000000000000e+01,5.443798641978800923e-01
-1.000000000000000000e+00,9.582621080994933038e+00,8.000000000000000000e+00,7.341471602003004637e-01
-1.000000000000000000e+00,9.480718125952725117e+00,9.000000000000000000e+00,1.601336434477599324e-01
-1.000000000000000000e+00,9.382115113689897257e+00,1.100000000000000000e+01,7.357998577635949111e-01
-2.000000000000000000e+00,9.286877237050692457e+00,9.000000000000000000e+00,0.000000000000000000e+00
-1.000000000000000000e+00,9.174835420106612460e+00,9.000000000000000000e+00,6.943844409750892233e-01
-1.000000000000000000e+00,9.085520667548749429e+00,1.100000000000000000e+01,4.508500968985909019e-01
-1.000000000000000000e+00,8.999212547123960348e+00,8.000000000000000000e+00,8.872666920844697325e-01
-1.000000000000000000e+00,8.914834055165405502e+00,1.000000000000000000e+01,8.220118134473342053e-02
-1.000000000000000000e+00,8.833272319766502179e+00,1.100000000000000000e+01,8.701080415274577984e-01
-1.000000000000000000e+00,8.754227209976384927e+00,1.100000000000000000e+01,4.068965590622339867e-01
-1.000000000000000000e+00,8.677409742351311905e+00,1.000000000000000000e+01,8.048129926471636608e-02
-1.000000000000000000e+00,8.602542174828769816e+00,1.000000000000000000e+01,4.984381131114383745e-01
-1.000000000000000000e+00,8.529742426516051523e+00,9.000000000000000000e+00,9.354226398031049161e-01
-1.000000000000000000e+00,8.458739339481185837e+00,1.000000000000000000e+01,6.703575687736395006e-01
-1.000000000000000000e+00,8.389848917295443798e+00,1.000000000000000000e+01,4.642432985620823516e-01
-1.000000000000000000e+00,8.322798177573478284e+00,9.000000000000000000e+00,7.501328419880504139e-01
0.000000000000000000e+00,8.257324883842741770e+00,7.000000000000000000e+00,2.419168369447599609e-01
1.000000000000000000e+00,8.212446444630714382e+00,7.000000000000000000e+00,4.584918615499841144e-01
2.000000000000000000e+00,8.187795878231604263e+00,8.000000000000000000e+00,5.633989485562335142e-01
3.000000000000000000e+00,8.182828559776906374e+00,1.100000000000000000e+01,5.671566477006465545e-01
3.000000000000000000e+00,8.197213658214622001e+00,1.000000000000000000e+01,2.774369825719209643e+02
4.000000000000000000e+00,8.210315990888794602e+00,1.100000000000000000e+01,4.407848026641900105e+02
5.000000000000000000e+00,8.241904513928611564e+00,9.000000000000000000e+00,6.583859756158111622e+02
6.000000000000000000e+00,8.290816563203016187e+00,1.100000000000000000e+01,9.245411138389973758e+02
8.000000000000000000e+00,8.357299120507114765e+00,1.000000000000000000e+01,1.220572511101093369e+03
1.000000000000000000e+01,8.459524832507726799e+00,1.100000000000000000e+01,1.514930256793932813e+03
1.000000000000000000e+01,8.596698089531276565e+00,7.000000000000000000e+00,1.767719663786366937e+03
1.100000000000000000e+01,8.728152655211772526e+00,9.000000000000000000e+00,1.939214478385412121e+03
1.000000000000000000e+01,8.874601409333161328e+00,8.000000000000000000e+00,2.000000000000000000e+03
9.000000000000000000e+00,8.996417102885885697e+00,9.000000000000000000e+00,1.939214478385412121e+03
9.000000000000000000e+00,9.094872270195899944e+00,8.000000000000000000e+00,1.767719663786366937e+03
9.000000000000000000e+00,9.189648033999969101e+00,1.000000000000000000e+01,1.514930256793932813e+03
7.000000000000000000e+00,9.281368313414889215e+00,9.000000000000000000e+00,1.220572511101093369e+03
6.000000000000000000e+00,9.330923866628840102e+00,8.000000000000000000e+00,9.245411138389973758e+02
6.000000000000000000e+00,9.359016479351030426e+00,8.000000000000000000e+00,6.583859756158111622e+02
6.000000000000000000e+00,9.385794325896364754e+00,1.100000000000000000e+01,4.407848026641900105e+02
6.000000000000000000e+00,9.411803467706969073e+00,1.000000000000000000e+01,2.774369825719209643e+02
5.000000000000000000e+00,9.436243857880043606e+00,1.000000000000000000e+01,1.641699972477975962e+02
6.000000000000000000e+00,9.440057316973852863e+00,8.000000000000000000e+00,9.133030922126044970e+01
6.000000000000000000e+00,9.462127179000690447e+00,8.000000000000000000e+00,3.005105889086836513e-01
6.000000000000000000e+00,9.482872808784232888e+00,1.000000000000000000e+01,2.877467045477622998e-01
7.000000000000000000e+00,9.502732403605872236e+00,1.000000000000000000e+01,8.079245140475558307e-01
6.000000000000000000e+00,9.540628038305918324e+00,7.000000000000000000e+00,1.944277567690021469e-01
5.000000000000000000e+00,9.556791350096279558e+00,6.000000000000000000e+00,2.647677037148482571e-01
6.000000000000000000e+00,9.552406224569933713e+00,7.000000000000000000e+00,4.992852319680189943e-01
5.000000000000000000e+00,9.567150109794617663e+00,6.000000000000000000e+00,1.742131895985276069e-01
7.000000000000000000e+00,9.561404311320098159e+00,8.000000000000000000e+00,4.366003016401706072e-01
7.000000000000000000e+00,9.594306092387641982e+00,8.000000000000000000e+00,4.856797092569458130e-01
7.000000000000000000e+00,9.625525740137268471e+00,1.000000000000000000e+01,8.572018521671118663e-01
7.000000000000000000e+00,9.655515518650801710e+00,7.000000000000000000e+00,6.350567338310364462e-02
7.000000000000000000e+00,9.683363603213463122e+00,8.000000000000000000e+00,5.242662113239543453e-01
7.000000000000000000e+00,9.709924430165116860e+00,8.000000000000000000e+00,7.583205571620244001e-01
7.000000000000000000e+00,9.735057881634542554e+00,9.000000000000000000e+00,0.000000000000000000e+00
7.000000000000000000e+00,9.759013408320774019e+00,8.000000000000000000e+00,5.106855648453687557e-01
7.000000000000000000e+00,9.781454362762275423e+00,6.000000000000000000e+00,4.140727170171645266e-01
7.000000000000000000e+00,9.802249046847490987e+00,7.000000000000000000e+00,4.094275867344887576e-01
7.000000000000000000e+00,9.822040045938237540e+00,9.000000000000000000e+00,4.616894175346332174e-01
8.000000000000000000e+00,9.841060598136259330e+00,8.000000000000000000e+00,4.030149613965983146e-02
7.000000000000000000e+00,9.878035314688807134e+00,1.000000000000000000e+01,2.198924420535691704e-01
7.000000000000000000e+00,9.894352826346240803e+00,7.000000000000000000e+00,7.499291737006678060e-01
7.000000000000000000e+00,9.909079188536354721e+00,9.000000000000000000e+00,8.183567997778781189e-01
6.000000000000000000e+00,9.923239246796143220e+00,1.000000000000000000e+01,9.066649620456509462e-01
7.000000000000000000e+00,9.917394738709102597e+00,7.000000000000000000e+00,6.842746765186964453e-01
7.000000000000000000e+00,9.930047765424598438e+00,9.000000000000000000e+00,3.505528589893371905e-01
7.000000000000000000e+00,9.942219509290042723e+00,7.000000000000000000e+00,9.472480059898858995e-01
7.000000000000000000e+00,9.953161409094215983e+00,1.000000000000000000e+01,1.065579996675334318e-01
6.000000000000000000e+00,9.963883896028935538e+00,1.100000000000000000e+01,7.760764250053373559e-01
8.000000000000000000e+00,9.954743118434183913e+00,8.000000000000000000e+00,3.268519517966043120e-01
8.000000000000000000e+00,9.983505314323370072e+00,1.100000000000000000e+01,5.531326991389101666e-01
8.000000000000000000e+00,1.001140746781582891e+01,8.000000000000000000e+00,2.774369825719209643e+02
8.000000000000000000e+00,1.003743719561469128e+01,8.000000000000000000e+00,4.407848026641900105e+02
9.000000000000000000e+00,1.006230785153207208e+01,1.100000000000000000e+01,6.583859756158111622e+02
9.000000000000000000e+00,1.010599567799401477e+01,1.000000000000000000e+01,9.245411138389973758e+02
8.000000000000000000e+00,1.014788063702757270e+01,8.000000000000000000e+00,1.220572511101093369e+03
8.000000000000000000e+00,1.016868460818180253e+01,7.000000000000000000e+00,1.514930256793932813e+03
8.000000000000000000e+00,1.018875442880009174e+01,8.000000000000000000e+00,1.767719663786366937e+03
8.000000000000000000e+00,1.020859952127255355e+01,9.000000000000000000e+00,1.939214478385412121e+03
8.000000000000000000e+00,1.022829356632605524e+01,8.000000000000000000e+00,2.000000000000000000e+03
7.000000000000000000e+00,1.024748010602028891e+01,9.000000000000000000e+00,1.939214478385412121e+03
7.000000000000000000e+00,1.024726914164154401e+01,7.000000000000000000e+00,1.767719663786366937e+03
7.000000000000000000e+00,1.024699336030393404e+01,8.000000000000000000e+00,1.514930256793932813e+03
5.000000000000000000e+00,1.024713410232771515e+01,8.000000000000000000e+00,1.220572511101093369e+03
4.000000000000000000e+00,1.020882980295210807e+01,1.000000000000000000e+01,9.245411138389973758e+02
3.000000000000000000e+00,1.015302056406536657e+01,1.000000000000000000e+01,6.583859756158111622e+02
3.000000000000000000e+00,1.007985249242208248e+01,1.000000000000000000e+01,4.407848026641900105e+02
2.000000000000000000e+00,1.000913903034750341e+01,8.000000000000000000e+00,2.774369825719209643e+02
0.000000000000000000e+00,9.921067559668664160e+00,8.000000000000000000e+00,1.641699972477975962e+02
1.000000000000000000e+00,9.797336637181688346e+00,1.000000000000000000e+01,9.133030922126044970e+01
1.000000000000000000e+00,9.697403611514380017e+00,8.000000000000000000e+00,7.734820408623820365e-01
3.000000000000000000e+00,9.600317065228633595e+00,9.000000000000000000e+00,5.870720192107566904e-01
3.000000000000000000e+00,9.545082849329343588e+00,1.000000000000000000e+01,2.253952071936287105e-01
3.000000000000000000e+00,9.491629668006195786e+00,8.000000000000000000e+00,2.319780919183228596e-01
4.000000000000000000e+00,9.439312229309425817e+00,1.000000000000000000e+01,7.597739613345160237e-01
3.000000000000000000e+00,9.408126300245044149e+00,7.000000000000000000e+00,3.900274505912426637e-02
2.000000000000000000e+00,9.357797517519577113e+00,9.000000000000000000e+00,9.893926924126974498e-01
2.000000000000000000e+00,9.289985271158535340e+00,1.000000000000000000e+01,5.139108404996894919e-01
2.000000000000000000e+00,9.224400051998625116e+00,1.000000000000000000e+01,2.872256772152445015e-01
2.000000000000000000e+00,9.160763657450221586e+00,1.000000000000000000e+01,1.508772900665000805e-01
2.000000000000000000e+00,9.099001000057985067e+00,1.000000000000000000e+01,6.510638895378739743e-01
2.000000000000000000e+00,9.039040193745790930e+00,1.000000000000000000e+01,9.021408223185846120e-01
1.000000000000000000e+00,8.980812087513639241e+00,9.000000000000000000e+00,1.932448837206882652e-01
1.000000000000000000e+00,8.904787754692987889e+00,9.000000000000000000e+00,0.000000000000000000e+00
1.000000000000000000e+00,8.831074285598232265e+00,9.000000000000000000e+00,4.615896153956738912e-01
0.000000000000000000e+00,8.759582681785280656e+00,8.000000000000000000e+00,9.275293374821310666e-01
0.000000000000000000e+00,8.670765321019244354e+00,6.000000000000000000e+00,8.013312417555704670e-01
0.000000000000000000e+00,8.584326279460745113e+00,8.000000000000000000e+00,9.196460169551079478e-02
0.000000000000000000e+00,8.500942450086538926e+00,7.000000000000000000e+00,3.463889925049468133e-01
0.000000000000000000e+00,8.419919000758282479e+00,8.000000000000000000e+00,4.990748128477998646e-01
0.000000000000000000e+00,8.341549426400524325e+00,1.100000000000000000e+01,1.387205164078730846e-01
0.000000000000000000e+00,8.266115850948738242e+00,8.000000000000000000e+00,5.165817597477575518e-01
0.000000000000000000e+00,8.192351434290502610e+00,9.000000000000000000e+00,3.200316150571148599e-01
0.000000000000000000e+00,8.120961009035069011e+00,9.000000000000000000e+00,5.016781875954261505e-01
0.000000000000000000e+00,8.051660986139957288e+00,1.000000000000000000e+01,2.486860622821861488e-01
0.000000000000000000e+00,7.984563216976430233e+00,1.200000000000000000e+01,7.871928884632152235e-01
0.000000000000000000e+00,7.919775642873444710e+00,1.000000000000000000e+01,1.670775099674534081e-01
1.000000000000000000e+00,7.856440125548686204e+00,9.000000000000000000e+00,2.393390190308116727e-01
2.000000000000000000e+00,7.813963212546142678e+00,7.000000000000000000e+00,9.794225365854628551e-01
2.000000000000000000e+00,7.791390522798762319e+00,9.000000000000000000e+00,9.728124806127970148e-01
2.000000000000000000e+00,7.769496422996896356e+00,1.000000000000000000e+01,2.774369825719209643e+02
3.000000000000000000e+00,7.748169885262155887e+00,1.000000000000000000e+01,4.407848026641900105e+02
3.000000000000000000e+00,7.746530222962893397e+00,1.000000000000000000e+01,6.583859756158111622e+02
3.000000000000000000e+00,7.744674218350615647e+00,1.100000000000000000e+01,9.245411138389973758e+02
3.000000000000000000e+00,7.742905504914474157e+00,1.000000000000000000e+01,1.220572511101093369e+03
3.000000000000000000e+00,7.740950142415631952e+00,8.000000000000000000e+00,1.514930256793932813e+03
3.000000000000000000e+00,7.738735929094160859e+00,8.000000000000000000e+00,1.767719663786366937e+03
3.000000000000000000e+00,7.736753998121238318e+00,9.000000000000000000e+00,1.939214478385412121e+03
3.000000000000000000e+00,7.735252776363831018e+00,7.000000000000000000e+00,2.000000000000000000e+03
2.000000000000000000e+00,7.733659231473808404e+00,8.000000000000000000e+00,1.939214478385412121e+03
1.000000000000000000e+00,7.713259758035462710e+00,1.100000000000000000e+01,1.767719663786366937e+03
1.000000000000000000e+00,7.675056125556634079e+00,9.000000000000000000e+00,1.514930256793932813e+03
0.000000000000000000e+00,7.637903818244085485e+00,8.000000000000000000e+00,1.220572511101093369e+03
-1.000000000000000000e+00,7.582570880682983905e+00,9.000000000000000000e+00,9.245411138389973758e+02
-1.000000000000000000e+00,7.509987432783079342e+00,1.100000000000000000e+01,6.583859756158111622e+02
-1.000000000000000000e+00,7.440136752783086393e+00,9.000000000000000000e+00,4.407848026641900105e+02
-3.000000000000000000e+00,7.372060303247342183e+00,9.000000000000000000e+00,2.774369825719209643e+02
-3.000000000000000000e+00,7.267471824931530655e+00,9.000000000000000000e+00,1.641699972477975962e+02
-3.000000000000000000e+00,7.166192559199714651e+00,1.000000000000000000e+01,9.133030922126044970e+01
-4.000000000000000000e+00,7.068258723323348036e+00,9.000000000000000000e+00,2.614249114672836383e-01
-3.000000000000000000e+00,6.953851641423566043e+00,9.000000000000000000e+00,7.438426166916031201e-01
-4.000000000000000000e+00,6.862296986250112418e+00,9.000000000000000000e+00,2.565082450341128473e-01
-4.000000000000000000e+00,6.754214746461098429e+00,9.000000000000000000e+00,3.182738096029235075e-01
-4.000000000000000000e+00,6.649470638265617239e+00,8.000000000000000000e+00,9.783402257388117418e-01
-4.000000000000000000e+00,6.547743582624519831e+00,1.100000000000000000e+01,8.703602371556593553e-01
-5.000000000000000000e+00,6.449686236029379849e+00,9.000000000000000000e+00,9.084144389207393644e-01
-5.000000000000000000e+00,6.334925724232183697e+00,1.100000000000000000e+01,1.899063926029848082e-01
-5.000000000000000000e+00,6.224103379174578343e+00,1.200000000000000000e+01,3.365929742268548575e-01
-5.000000000000000000e+00,6.116874801208523671e+00,9.000000000000000000e+00,1.175169950901814309e-01
-5.000000000000000000e+00,6.012331879000921475e+00,1.100000000000000000e+01,4.666401661462945549e-01
-5.000000000000000000e+00,5.911332553849582894e+00,1.200000000000000000e+01,6.754153130655655701e-01
-4.000000000000000000e+00,5.813547993749522469e+00,1.000000000000000000e+01,2.690138655635655462e-01
-5.000000000000000000e+00,5.737547075987421863e+00,9.000000000000000000e+00,0.000000000000000000e+00
-5.000000000000000000e+00,5.644184030158188037e+00,1.000000000000000000e+01,6.119914658510925420e-01
-5.000000000000000000e+00,5.553742219718520445e+00,8.000000000000000000e+00,1.552931855693451269e-02
-5.000000000000000000e+00,5.465532192811358492e+00,1.100000000000000000e+01,3.550952746110713765e-01
-5.000000000000000000e+00,5.380429954819375027e+00,1.000000000000000000e+01,5.318543528747214921e-01
-5.000000000000000000e+00,5.297547070816750470e+00,1.100000000000000000e+01,6.709426810458615220e-01
-6.000000000000000000e+00,5.217183203374261780e+00,1.000000000000000000e+01,2.135216237387378424e-01
-5.000000000000000000e+00,5.119587291009549013e+00,1.000000000000000000e+01,4.430672535828111824e-01
-5.000000000000000000e+00,5.044115041064397786e+00,1.200000000000000000e+01,3.084588260941403259e-01
-4.000000000000000000e+00,4.971069969265611732e+00,1.000000000000000000e+01,4.262210878669405734e-01
-3.000000000000000000e+00,4.918860041568925645e+00,8.000000000000000000e+00,9.822641152817460641e-01
-2.000000000000000000e+00,4.886724465202197720e+00,1.000000000000000000e+01,7.880324987029160289e-01
-1.000000000000000000e+00,4.874701260887030152e+00,1.100000000000000000e+01,8.920868556129475380e-01
0.000000000000000000e+00,4.881866135009035546e+00,1.200000000000000000e+01,7.776049207407440544e-01
0.000000000000000000e+00,4.907523110479070638e+00,1.200000000000000000e+01,2.921538723464198739e-01
1.000000000000000000e+00,4.931541221001161546e+00,8.000000000000000000e+00,1.942723020945512635e-01
2.000000000000000000e+00,4.972487475535595003e+00,8.000000000000000000e+00,1.317663590368089999e-02
3.000000000000000000e+00,5.030522913328208112e+00,9.000000000000000000e+00,2.774369825719209643e+02
3.000000000000000000e+00,5.105332274164167572e+00,9.000000000000000000e+00,4.407848026641900105e+02
6.000000000000000000e+00,5.176914309642969059e+00,8.000000000000000000e+00,6.583859756158111622e+02
6.000000000000000000e+00,5.303097660361172139e+00,9.000000000000000000e+00,9.245411138389973758e+02
7.000000000000000000e+00,5.424581776597328542e+00,9.000000000000000000e+00,1.220572511101093369e+03
6.000000000000000000e+00,5.560742941432217812e+00,9.000000000000000000e+00,1.514930256793932813e+03
6.000000000000000000e+00,5.672633382937634750e+00,9.000000000000000000e+00,1.767719663786366937e+03
5.000000000000000000e+00,5.780517546984850874e+00,1.100000000000000000e+01,1.939214478385412121e+03
5.000000000000000000e+00,5.865732836159400776e+00,8.000000000000000000e+00,2.000000000000000000e+03
5.000000000000000000e+00,5.947445475735513298e+00,1.000000000000000000e+01,1.939214478385412121e+03
4.000000000000000000e+00,6.026730071290026913e+00,1.000000000000000000e+01,1.767719663786366937e+03
3.000000000000000000e+00,6.083961496616113074e+00,9.000000000000000000e+00,1.514930256793932813e+03
2.000000000000000000e+00,6.119660958410934271e+00,8.000000000000000000e+00,1.220572511101093369e+03
2.000000000000000000e+00,6.134505738210433989e+00,1.100000000000000000e+01,9.245411138389973758e+02
1.000000000000000000e+00,6.149185330169643748e+00,9.000000000000000000e+00,6.583859756158111622e+02
1.000000000000000000e+00,6.143373971427195102e+00,1.100000000000000000e+01,4.407848026641900105e+02
1.000000000000000000e+00,6.137777440666407180e+00,8.000000000000000000e+00,2.774369825719209643e+02
2.000000000000000000e+00,6.131364682304687896e+00,1.000000000000000000e+01,1.641699972477975962e+02
1.000000000000000000e+00,6.144356623724545940e+00,9.000000000000000000e+00,9.133030922126044970e+01
1.000000000000000000e+00,6.136903793349397063e+00,8.000000000000000000e+00,8.840952643267058209e-01
1.000000000000000000e+00,6.128990425927794305e+00,1.000000000000000000e+01,8.502052837672569030e-02
0.000000000000000000e+00,6.121212764103001192e+00,1.200000000000000000e+01,2.859954420629492455e-01
1.000000000000000000e+00,6.094297761078149023e+00,8.000000000000000000e+00,3.860198150658383787e-01
0.000000000000000000e+00,6.086329554025075694e+00,1.100000000000000000e+01,1.101281823621994560e-01
0.000000000000000000e+00,6.059426781787895955e+00,9.000000000000000000e+00,4.869120443627917849e-01
0.000000000000000000e+00,6.032588383245413688e+00,1.100000000000000000e+01,6.653037046525590581e-01
0.000000000000000000e+00,6.006582518951089966e+00,9.000000000000000000e+00,5.415615306367328463e-01
0.000000000000000000e+00,5.980609223188164236e+00,1.000000000000000000e+01,9.295738153585133556e-01
0.000000000000000000e+00,5.955245666278821126e+00,1.200000000000000000e+01,9.233552052648416053e-01
0.000000000000000000e+00,5.930662077182535796e+00,8.000000000000000000e+00,9.583199672960218685e-02
0.000000000000000000e+00,5.905675648215798823e+00,9.000000000000000000e+00,6.886136595978321617e-01
0.000000000000000000e+00,5.881265010933629966e+00,1.100000000000000000e+01,2.829348020354516269e-01
0.000000000000000000e+00,5.857601566205476118e+00,8.000000000000000000e+00,0.000000000000000000e+00
0.000000000000000000e+00,5.833696309227256016e+00,1.000000000000000000e+01,2.337181141096089654e-02
0.000000000000000000e+00,5.810521491019958518e+00,7.000000000000000000e+00,9.064187782513338787e-01
0.000000000000000000e+00,5.787089205249445811e+00,1.100000000000000000e+01,8.673672284463640469e-02
0.000000000000000000e+00,5.764756617251462600e+00,1.000000000000000000e+01,6.440879047428795801e-01
0.000000000000000000e+00,5.742521528222527927e+00,1.000000000000000000e+01,5.558487731717192126e-01
0.000000000000000000e+00,5.720573888800993601e+00,1.000000000000000000e+01,9.547266198720831820e-01
0.000000000000000000e+00,5.698904227844836967e+00,8.000000000000000000e+00,4.794607031514134254e-01
0.000000000000000000e+00,5.677118477472067326e+00,1.100000000000000000e+01,4.621494423540911667e-01
1.000000000000000000e+00,5.656184083216340142e+00,1.000000000000000000e+01,4.489121491044323342e-02
1.000000000000000000e+00,5.654570170649559913e+00,9.000000000000000000e+00,6.449518402040566034e-02
2.000000000000000000e+00,5.652304880080290417e+00,1.100000000000000000e+01,2.232506615285300144e-01
3.000000000000000000e+00,5.669262051809005776e+00,8.000000000000000000e+00,7.524427575524126333e-01
3.000000000000000000e+00,5.703782567898728395e+00,1.200000000000000000e+01,2.474685466390256217e-01
3.000000000000000000e+00,5.737309136845778035e+00,9.000000000000000000e+00,7.073937394349553154e-01
4.000000000000000000e+00,5.768536940937379676e+00,8.000000000000000000e+00,7.080610791568486828e-02
5.000000000000000000e+00,5.817211430441586728e+00,9.000000000000000000e+00,2.488959921157073429e-01
5.000000000000000000e+00,5.883088651154675830e+00,9.000000000000000000e+00,2.774369825719209643e+02
5.000000000000000000e+00,5.946193873608014435e+00,9.000000000000000000e+00,4.407848026641900105e+02
6.000000000000000000e+00,6.006699556010008934e+00,1.000000000000000000e+01,6.583859756158111622e+02
6.000000000000000000e+00,6.084254083119460255e+00,9.000000000000000000e+00,9.245411138389973758e+02
6.000000000000000000e+00,6.158691344224517472e+00,9.000000000000000000e+00,1.220572511101093369e+03
6.000000000000000000e+00,6.230439464314345699e+00,1.100000000000000000e+01,1.514930256793932813e+03
6.000000000000000000e+00,6.300101226809871058e+00,7.000000000000000000e+00,1.767719663786366937e+03
5.000000000000000000e+00,6.366701271070897228e+00,9.000000000000000000e+00,1.939214478385412121e+03
5.000000000000000000e+00,6.412308026903418501e+00,9.000000000000000000e+00,2.000000000000000000e+03
4.000000000000000000e+00,6.456598413898488431e+00,8.000000000000000000e+00,1.939214478385412121e+03
4.000000000000000000e+00,6.480137548266910130e+00,1.000000000000000000e+01,1.767719663786366937e+03
4.000000000000000000e+00,6.503464949071553036e+00,9.000000000000000000e+00,1.514930256793932813e+03
4.000000000000000000e+00,6.525914626420393994e+00,9.000000000000000000e+00,1.220572511101093369e+03
4.000000000000000000e+00,6.547599870068739669e+00,8.000000000000000000e+00,9.245411138389973758e+02
4.000000000000000000e+00,6.568244765396358709e+00,1.000000000000000000e+01,6.583859756158111622e+02
4.000000000000000000e+00,6.588365115879078360e+00,1.000000000000000000e+01,4.407848026641900105e+02
3.000000000000000000e+00,6.607514313854291998e+00,9.000000000000000000e+00,2.774369825719209643e+02
3.000000000000000000e+00,6.606206486258401789e+00,8.000000000000000000e+00,1.641699972477975962e+02
3.000000000000000000e+00,6.604416936804947014e+00,1.000000000000000000e+01,9.133030922126044970e+01
3.000000000000000000e+00,6.602714500914260931e+00,1.100000000000000000e+01,5.439360656690434004e-01
3.000000000000000000e+00,6.600870130481389708e+00,9.000000000000000000e+00,7.809820966005429632e-01
3.000000000000000000e+00,6.598313946847621736e+00,9.000000000000000000e+00,5.014092438295725263e-02
3.000000000000000000e+00,6.595459139688463424e+00,1.100000000000000000e+01,5.344261688207341265e-03
3.000000000000000000e+00,6.592703268602557287e+00,1.000000000000000000e+01,9.019419428922906823e-01
3.000000000000000000e+00,6.589467400406027409e+00,1.000000000000000000e+01,4.969914528378014396e-01
3.000000000000000000e+00,6.585963583327532511e+00,1.000000000000000000e+01,7.055736035315625099e-01
3.000000000000000000e+00,6.582203622327788217e+00,1.000000000000000000e+01,8.441319812547802837e-01
3.000000000000000000e+00,6.578198826153372814e+00,1.200000000000000000e+01,3.391821652094668682e-01
3.000000000000000000e+00,6.574344437423448539e+00,1.000000000000000000e+01,1.526572735178433060e-01
3.000000000000000000e+00,6.569866744246892765e+00,8.000000000000000000e+00,5.718947761641055560e-01
3.000000000000000000e+00,6.564791227612833069e+00,8.000000000000000000e+00,4.288727925282387332e-01
3.000000000000000000e+00,6.559526775220142270e+00,8.000000000000000000e+00,6.502294404569954889e-01
3.000000000000000000e+00,6.554082060518823916e+00,1.000000000000000000e+01,0.000000000000000000e+00
2.000000000000000000e+00,6.548849707390274055e+00,9.000000000000000000e+00,7.962839637259185865e-01
2.000000000000000000e+00,6.523976420239514518e+00,1.000000000000000000e+01,7.621104428035144762e-01
2.000000000000000000e+00,6.499833735991524364e+00,7.000000000000000000e+00,9.935934679883022813e-01
2.000000000000000000e+00,6.475625151864296214e+00,9.000000000000000000e+00,2.419570353510563931e-01
3.000000000000000000e+00,6.452315223539354605e+00,8.000000000000000000e+00,8.582588493318799028e-01
2.000000000000000000e+00,6.448563295745397994e+00,8.000000000000000000e+00,6.566876694941677917e-01
2.000000000000000000e+00,6.425310132589459045e+00,1.000000000000000000e+01,4.746242813060441712e-01
2.000000000000000000e+00,6.402921891274152344e+00,9.000000000000000000e+00,8.592433037148815567e-01
2.000000000000000000e+00,6.380789331563642364e+00,1.000000000000000000e+01,7.074547573554148538e-01
2.000000000000000000e+00,6.359287998911844930e+00,1.000000000000000000e+01,5.811208377825056726e-01
2.000000000000000000e+00,6.338202094261678354e+00,8.000000000000000000e+00,8.657149767886803682e-01
2.000000000000000000e+00,6.317131965717558195e+00,9.000000000000000000e+00,8.143816993784047664e-02
2.000000000000000000e+00,6.296654480558057543e+00,1.000000000000000000e+01,1.224099254356055821e-01
2.000000000000000000e+00,6.276747731589357393e+00,9.000000000000000000e+00,9.286494578536251820e-01
3.000000000000000000e+00,6.257006334779885215e+00,7.000000000000000000e+00,8.028316203306508081e-01
2.000000000000000000e+00,6.256502258201523503e+00,7.000000000000000000e+00,2.697670423207487733e-01
2.000000000000000000e+00,6.236380865121678774e+00,8.000000000000000000e+00,2.774369825719209643e+02
2.000000000000000000e+00,6.216926794717288374e+00,9.000000000000000000e+00,4.407848026641900105e+02
2.000000000000000000e+00,6.198177429032607044e+00,1.100000000000000000e+01,6.583859756158111622e+02
1.000000000000000000e+00,6.180381588912775115e+00,9.000000000000000000e+00,9.245411138389973758e+02
0.000000000000000000e+00,6.143565447602420626e+00,8.000000000000000000e+00,1.220572511101093369e+03
0.000000000000000000e+00,6.088726214411192217e+00,7.000000000000000000e+00,1.514930256793932813e+03
0.000000000000000000e+00,6.035898657967258885e+00,9.000000000000000000e+00,1.767719663786366937e+03
0.000000000000000000e+00,5.985676866968738352e+00,8.000000000000000000e+00,1.939214478385412121e+03
0.000000000000000000e+00,5.937446791468601326e+00,9.000000000000000000e+00,2.000000000000000000e+03
0.000000000000000000e+00,5.891536963943878824e+00,8.000000000000000000e+00,1.939214478385412121e+03
0.000000000000000000e+00,5.847447466406199723e+00,9.000000000000000000e+00,1.767719663786366937e+03
0.000000000000000000e+00,5.805424611400900936e+00,1.200000000000000000e+01,1.514930256793932813e+03
0.000000000000000000e+00,5.765674454468794785e+00,8.000000000000000000e+00,1.220572511101093369e+03
0.000000000000000000e+00,5.726648855052825837e+00,1.000000000000000000e+01,9.245411138389973758e+02
0.000000000000000000e+00,5.689359098288239380e+00,1.100000000000000000e+01,6.583859756158111622e+02
-1.000000000000000000e+00,5.653443374553290823e+00,8.000000000000000000e+00,4.407848026641900105e+02
-1.000000000000000000e+00,5.598726078630572367e+00,8.000000000000000000e+00,2.774369825719209643e+02
-1.000000000000000000e+00,5.545674927173722679e+00,1.000000000000000000e+01,1.641699972477975962e+02
-2.000000000000000000e+00,5.494566851043382272e+00,9.000000000000000000e+00,9.133030922126044970e+01
-1.000000000000000000e+00,5.425452484851012613e+00,7.000000000000000000e+00,2.159725792779398912e-02
-1.000000000000000000e+00,5.377297280610457086e+00,7.000000000000000000e+00,6.527486862402342993e-02
-2.000000000000000000e+00,5.330449357187592163e+00,9.000000000000000000e+00,4.928749582863347634e-01
-2.000000000000000000e+00,5.265973836944953135e+00,1.000000000000000000e+01,4.937634756789285317e-01
-2.000000000000000000e+00,5.203587100173622026e+00,8.000000000000000000e+00,4.041941495574884469e-01
-2.000000000000000000e+00,5.142631840676924249e+00,9.000000000000000000e+00,2.842702113665257491e-01
-3.000000000000000000e+00,5.083629942801685786e+00,1.000000000000000000e+01,2.271789931322063527e-01
-3.000000000000000000e+00,5.007236575567289627e+00,1.100000000000000000e+01,1.370510077310875818e-01
-3.000000000000000000e+00,4.933351025244470556e+00,1.000000000000000000e+01,5.632436527554569583e-01
-3.000000000000000000e+00,4.861492113291451034e+00,1.100000000000000000e+01,2.240944782384768352e-01
-4.000000000000000000e+00,4.791966195419153252e+00,1.100000000000000000e+01,9.874379967598877483e-01
-3.000000000000000000e+00,4.705221607785022186e+00,1.000000000000000000e+01,2.961743506388558878e-02
-4.000000000000000000e+00,4.640227926618019083e+00,9.000000000000000000e+00,7.022798150152435026e-01
-4.000000000000000000e+00,4.557648311625229987e+00,1.000000000000000000e+01,0.000000000000000000e+00
-4.000000000000000000e+00,4.477773840501044766e+00,9.000000000000000000e+00,7.760095070806306561e-01
-4.000000000000000000e+00,4.400115818835677928e+00,1.000000000000000000e+01,4.704681303039849327e-01
-3.000000000000000000e+00,4.324973261106322298e+00,1.000000000000000000e+01,1.572469532188199848e-01
-3.000000000000000000e+00,4.271326657629799683e+00,1.000000000000000000e+01,9.999523082914207883e-02
-3.000000000000000000e+00,4.219118939477340291e+00,1.000000000000000000e+01,2.981730395638453324e-01
-3.000000000000000000e+00,4.168295381690897194e+00,1.200000000000000000e+01,2.718045793744173766e-01
-2.000000000000000000e+00,4.119187956768077363e+00,1.200000000000000000e+01,8.955247997822778361e-01
-2.000000000000000000e+00,4.090616749179186940e+00,1.000000000000000000e+01,3.987091526026574906e-01
-1.000000000000000000e+00,4.062177563917789058e+00,1.000000000000000000e+01,3.624774842628553095e-02
0.000000000000000000e+00,4.053520865386999183e+00,1.000000000000000000e+01,1.004243020153722243e-01
0.000000000000000000e+00,4.063926679982145629e+00,9.000000000000000000e+00,6.560596765503547978e-01
1.000000000000000000e+00,4.073241323717941675e+00,9.000000000000000000e+00,8.568355536090185298e-01
1.000000000000000000e+00,4.100971275745649791e+00,1.000000000000000000e+01,1.323109828391700882e-01
2.000000000000000000e+00,4.127372348801440438e+00,9.000000000000000000e+00,8.467211541305900147e-01
2.000000000000000000e+00,4.171383886807030095e+00,9.000000000000000000e+00,5.216208263404309431e-02
2.000000000000000000e+00,4.213293047443744221e+00,1.100000000000000000e+01,8.131338735437341203e-01
2.000000000000000000e+00,4.253568773150147919e+00,8.000000000000000000e+00,2.774369825719209643e+02
2.000000000000000000e+00,4.291421388028374473e+00,8.000000000000000000e+00,4.407848026641900105e+02
2.000000000000000000e+00,4.327586156668693285e+00,1.000000000000000000e+01,6.583859756158111622e+02
2.000000000000000000e+00,4.362598236402597252e+00,8.000000000000000000e+00,9.245411138389973758e+02
2.000000000000000000e+00,4.395836546549967139e+00,-4.000000000000000000e+00,1.220572511101093369e+03
2.000000000000000000e+00,4.425560944862636958e+00,-2.000000000000000000e+00,1.514930256793932813e+03
0.000000000000000000e+00,4.454712482139965068e+00,-4.000000000000000000e+00,1.767719663786366937e+03
0.000000000000000000e+00,4.444101498388083549e+00,-3.000000000000000000e+00,1.939214478385412121e+03
0.000000000000000000e+00,4.434360290346542222e+00,-3.000000000000000000e+00,2.000000000000000000e+03
0.000000000000000000e+00,4.425284962533280186e+00,-2.000000000000000000e+00,1.939214478385412121e+03
0.000000000000000000e+00,4.417017449012409003e+00,-3.000000000000000000e+00,1.767719663786366937e+03
0.000000000000000000e+00,4.409075002024287038e+00,-3.000000000000000000e+00,1.514930256793932813e+03
0.000000000000000000e+00,4.401539504298309424e+00,-3.000000000000000000e+00,1.220572511101093369e+03
0.000000000000000000e+00,4.394281858182869982e+00,-3.000000000000000000e+00,9.245411138389973758e+02
1.000000000000000000e+00,4.387177748029931657e+00,-3.000000000000000000e+00,6.583859756158111622e+02
1.000000000000000000e+00,4.399389354844803535e+00,-4.000000000000000000e+00,4.407848026641900105e+02
0.000000000000000000e+00,4.410668512425690579e+00,-2.000000000000000000e+00,2.774369825719209643e+02
0.000000000000000000e+00,4.402297110817087855e+00,-3.000000000000000000e+00,1.641699972477975962e+02
0.000000000000000000e+00,4.393642541167046112e+00,-3.000000000000000000e+00,9.133030922126044970e+01
1.000000000000000000e+00,4.384881407742446058e+00,-4.000000000000000000e+00,5.552952592225615103e-01
0.000000000000000000e+00,4.395061945347869425e+00,-4.000000000000000000e+00,7.232207719706893467e-01
0.000000000000000000e+00,4.385149501816752782e+00,-3.000000000000000000e+00,7.143116465565436668e-01
0.000000000000000000e+00,4.375341457007078994e+00,-1.000000000000000000e+00,7.385484471174689203e-01
0.000000000000000000e+00,4.365827617251939685e+00,-2.000000000000000000e+00,1.209871636539353590e-01
0.000000000000000000e+00,4.356020994761857779e+00,-1.000000000000000000e+00,1.714411518394858280e-01
0.000000000000000000e+00,4.346318971591156100e+00,-3.000000000000000000e+00,4.489316174446069674e-01
0.000000000000000000e+00,4.336142170194147383e+00,-3.000000000000000000e+00,1.283159085952360057e-01
0.000000000000000000e+00,4.325894797161287997e+00,-2.000000000000000000e+00,9.976422423058117772e-02
0.000000000000000000e+00,4.315773316390085768e+00,-2.000000000000000000e+00,5.840232701159493445e-01
0.000000000000000000e+00,4.305582208126800481e+00,-2.000000000000000000e+00,4.575591589469915066e-01
0.000000000000000000e+00,4.295325537337430610e+00,-1.000000000000000000e+00,3.407017237521784425e-01
0.000000000000000000e+00,4.285199523494997109e+00,-4.000000000000000000e+00,2.892664736664253278e-01
0.000000000000000000e+00,4.274431295629748995e+00,-3.000000000000000000e+00,0.000000000000000000e+00
0.000000000000000000e+00,4.263816079351232524e+00,-2.000000000000000000e+00,3.784117547269816306e-01
0.000000000000000000e+00,4.253349540214604652e+00,-1.000000000000000000e+00,5.326026244100449114e-01
0.000000000000000000e+00,4.243027423944056409e+00,-3.000000000000000000e+00,4.472220631534924440e-01
0.000000000000000000e+00,4.232268602474689168e+00,-2.000000000000000000e+00,4.835635499829156192e-01
0.000000000000000000e+00,4.221668192295548572e+00,-1.000000000000000000e+00,9.127385907377735252e-01
0.000000000000000000e+00,4.211221648539294371e+00,-3.000000000000000000e+00,6.891222908728278362e-01
1.000000000000000000e+00,4.200347405439686987e+00,-3.000000000000000000e+00,2.151340305306337353e-02
1.000000000000000000e+00,4.208717443191191343e+00,-3.000000000000000000e+00,2.767821151941328717e-01
1.000000000000000000e+00,4.216362831050027182e+00,-3.000000000000000000e+00,6.931564106132183101e-01
1.000000000000000000e+00,4.223313470422584537e+00,-3.000000000000000000e+00,8.499916418867123902e-01
1.000000000000000000e+00,4.229597979629153848e+00,-3.000000000000000000e+00,6.646017235765110387e-01
1.000000000000000000e+00,4.235243713155667500e+00,-3.000000000000000000e+00,6.131789587815804632e-01
1.000000000000000000e+00,4.240276994342234929e+00,-4.000000000000000000e+00,2.053504959114041961e-01
1.000000000000000000e+00,4.244530653009288557e+00,-2.000000000000000000e+00,2.470557279383834848e-01
1.000000000000000000e+00,4.248613338726431543e+00,-3.000000000000000000e+00,1.582496111741749090e-01
2.000000000000000000e+00,4.251956360042315808e+00,-2.000000000000000000e+00,8.423141087124152993e-02
1.000000000000000000e+00,4.274244239065074780e+00,-2.000000000000000000e+00,2.774369825719209643e+02
2.000000000000000000e+00,4.276163888633227828e+00,-2.000000000000000000e+00,4.407848026641900105e+02
1.000000000000000000e+00,4.297063041817328788e+00,-2.000000000000000000e+00,6.583859756158111622e+02
1.000000000000000000e+00,4.297795965245026828e+00,-3.000000000000000000e+00,9.245411138389973758e+02
2.000000000000000000e+00,4.298279247202469122e+00,-3.000000000000000000e+00,1.220572511101093369e+03
1.000000000000000000e+00,4.318098154466211369e+00,-4.000000000000000000e+00,1.514930256793932813e+03
1.000000000000000000e+00,4.317929119860919762e+00,-2.000000000000000000e+00,1.767719663786366937e+03
0.000000000000000000e+00,4.318444675319908832e+00,-2.000000000000000000e+00,1.939214478385412121e+03
0.000000000000000000e+00,4.300028619588101897e+00,-3.000000000000000000e+00,2.000000000000000000e+03
0.000000000000000000e+00,4.282468895450878499e+00,-3.000000000000000000e+00,1.939214478385412121e+03
0.000000000000000000e+00,4.265899598230899592e+00,-3.000000000000000000e+00,1.767719663786366937e+03
0.000000000000000000e+00,4.250215081790019056e+00,-3.000000000000000000e+00,1.514930256793932813e+03
0.000000000000000000e+00,4.235282918678521469e+00,-2.000000000000000000e+00,1.220572511101093369e+03
0.000000000000000000e+00,4.221152581114545832e+00,-3.000000000000000000e+00,9.245411138389973758e+02
0.000000000000000000e+00,4.207294538525404803e+00,-3.000000000000000000e+00,6.583859756158111622e+02
0.000000000000000000e+00,4.193788463032627867e+00,-2.000000000000000000e+00,4.407848026641900105e+02
0.000000000000000000e+00,4.180729986816029253e+00,-2.000000000000000000e+00,2.774369825719209643e+02
0.000000000000000000e+00,4.167847570022952475e+00,-3.000000000000000000e+00,1.641699972477975962e+02
0.000000000000000000e+00,4.154899546325886206e+00,-2.000000000000000000e+00,9.133030922126044970e+01
0.000000000000000000e+00,4.142246135301352439e+00,-2.000000000000000000e+00,8.106440021083050063e-01
0.000000000000000000e+00,4.129650115396390042e+00,-4.000000000000000000e+00,4.822983385518876398e-01
0.000000000000000000e+00,4.116725753254610431e+00,-2.000000000000000000e+00,5.196097744530058238e-01
0.000000000000000000e+00,4.104256150729747255e+00,-2.000000000000000000e+00,7.578247657492925837e-01
0.000000000000000000e+00,4.091840518299524554e+00,-3.000000000000000000e+00,4.580161344074205054e-01
0.000000000000000000e+00,4.079285572425519923e+00,-4.000000000000000000e+00,6.435860573401850360e-01
0.000000000000000000e+00,4.066597947719286843e+00,-1.000000000000000000e+00,4.635959909533902135e-01
0.000000000000000000e+00,4.054553133884129856e+00,-4.000000000000000000e+00,1.766700536598734272e-01
0.000000000000000000e+00,4.041973651120462030e+00,-2.000000000000000000e+00,8.523498732304234382e-01
0.000000000000000000e+00,4.029843073541396592e+00,-3.000000000000000000e+00,3.030885752670653410e-02
0.000000000000000000e+00,4.017568098802528631e+00,-3.000000000000000000e+00,4.015549841407074494e-01
0.000000000000000000e+00,4.005347930346095708e+00,-2.000000000000000000e+00,6.936260978927387688e-01
0.000000000000000000e+00,3.993374083702381228e+00,-3.000000000000000000e+00,1.952559056230150913e-01
0.000000000000000000e+00,3.981253471673690925e+00,-3.000000000000000000e+00,0.000000000000000000e+00
0.000000000000000000e+00,3.969185163006783146e+00,-3.000000000000000000e+00,1.068428338600692085e-01
0.000000000000000000e+00,3.957168375521307624e+00,-4.000000000000000000e+00,7.840188642969999622e-01
-1.000000000000000000e+00,3.945010257600960912e+00,-4.000000000000000000e+00,6.821528199596327280e-02
-1.000000000000000000e+00,3.913639637494894075e+00,-4.000000000000000000e+00,8.282692348420214179e-01
-1.000000000000000000e+00,3.883027135526852192e+00,-2.000000000000000000e+00,1.909979972746932431e-01
-1.000000000000000000e+00,3.853528621155796863e+00,-5.000000000000000000e+00,5.268515986119544081e-01
-1.000000000000000000e+00,3.824140498080906614e+00,-3.000000000000000000e+00,4.730808157523981317e-01
0.000000000000000000e+00,3.795820735311939753e+00,-4.000000000000000000e+00,8.344479291293638301e-02
0.000000000000000000e+00,3.787221697002849830e+00,-3.000000000000000000e+00,7.211556848733811087e-01
0.000000000000000000e+00,3.778740280642224114e+00,-3.000000000000000000e+00,8.594405139803689142e-01
0.000000000000000000e+00,3.770180994910605321e+00,-3.000000000000000000e+00,8.339606151881406859e-01
0.000000000000000000e+00,3.761548104182756536e+00,-4.000000000000000000e+00,2.135082711382342291e-01
0.000000000000000000e+00,3.752653158106594500e+00,-2.000000000000000000e+00,7.430270770550759796e-01
0.000000000000000000e+00,3.744084634139709156e+00,-5.000000000000000000e+00,8.916709628202637017e-01
0.000000000000000000e+00,3.734869737906903797e+00,-2.000000000000000000e+00,5.359600551501663146e-01
0.000000000000000000e+00,3.726188296868199412e+00,-3.000000000000000000e+00,1.866108546968558990e-03
0.000000000000000000e+00,3.717251601001933636e+00,-2.000000000000000000e+00,2.774369825719209643e+02
-1.000000000000000000e+00,3.708561612049172229e+00,-3.000000000000000000e+00,4.407848026641900105e+02
-1.000000000000000000e+00,3.680517802501283242e+00,-2.000000000000000000e+00,6.583859756158111622e+02
-1.000000000000000000e+00,3.653563317103107888e+00,-1.000000000000000000e+00,9.245411138389973758e+02
-1.000000000000000000e+00,3.627757953207490615e+00,-3.000000000000000000e+00,1.220572511101093369e+03
-1.000000000000000000e+00,3.602593349670002887e+00,-3.000000000000000000e+00,1.514930256793932813e+03
-1.000000000000000000e+00,3.578541188388990602e+00,-5.000000000000000000e+00,1.767719663786366937e+03
-1.000000000000000000e+00,3.555269439587986469e+00,-3.000000000000000000e+00,1.939214478385412121e+03
-1.000000000000000000e+00,3.533581228134896168e+00,-2.000000000000000000e+00,2.000000000000000000e+03
-1.000000000000000000e+00,3.513244637321133013e+00,-4.000000000000000000e+00,1.939214478385412121e+03
-1.000000000000000000e+00,3.493605424990282593e+00,-4.000000000000000000e+00,1.767719663786366937e+03
-1.000000000000000000e+00,3.474953778516376435e+00,9.000000000000000000e+00,1.514930256793932813e+03
-1.000000000000000000e+00,3.459653363981063823e+00,3.606000000000000000e+03,1.220572511101093369e+03
-1.000000000000000000e+00,4.136718697530320732e+00,2.479000000000000000e+03,9.245411138389973758e+02
-1.000000000000000000e+00,4.570961834096126886e+00,1.145000000000000000e+03,6.583859756158111622e+02
-1.000000000000000000e+00,4.731818800283883242e+00,3.689000000000000000e+03,4.407848026641900105e+02
-1.000000000000000000e+00,5.375515561051599889e+00,4.834000000000000000e+03,2.774369825719209643e+02
-1.000000000000000000e+00,6.214413267918070360e+00,2.512000000000000000e+03,1.641699972477975962e+02
-1.000000000000000000e+00,6.574244748277817685e+00,3.636000000000000000e+03,2.850635885127630331e-01
0.000000000000000000e+00,7.136087721322477151e+00,4.758000000000000000e+03,3.222348676424902081e-03
0.000000000000000000e+00,7.911087763278421114e+00,3.549000000000000000e+03,6.141775539374070281e-01
-1.000000000000000000e+00,8.423567322232727861e+00,2.493000000000000000e+03,8.103559409233601629e-01
-1.000000000000000000e+00,8.693788613863972614e+00,4.174000000000000000e+03,2.509935463855936799e-01
-1.000000000000000000e+00,9.276669257271818125e+00,3.564000000000000000e+03,6.004378929734663917e-01
-1.000000000000000000e+00,9.719624935998526283e+00,2.278000000000000000e+03,4.692700352682407372e-01
-1.000000000000000000e+00,9.898044956151769824e+00,4.205000000000000000e+03,7.462088851409258705e-01
-1.000000000000000000e+00,1.044001001116657434e+01,1.128000000000000000e+03,5.980859254200572295e-01
-1.000000000000000000e+00,1.036922781472156174e+01,2.250000000000000000e+03,1.855881208120709891e-01
-1.000000000000000000e+00,1.051677174688689753e+01,2.473000000000000000e+03,8.446943884039425088e-01
-1.000000000000000000e+00,1.070136801688791728e+01,5.630000000000000000e+02,2.118209112453827148e-01
-1.000000000000000000e+00,1.051139233455959854e+01,1.698000000000000000e+03,9.963064735194382404e-01
-1.000000000000000000e+00,1.054683054962503519e+01,3.575000000000000000e+03,2.270678227127527204e-01
-1.000000000000000000e+00,1.094172068316008151e+01,2.466000000000000000e+03,3.822931903180755153e-01
-1.000000000000000000e+00,1.110801390613286443e+01,2.235000000000000000e+03,6.208341477745937809e-02
