Text,Tint synthetic,Qhvac,Qsun,step=1800s
0.000000000000000000e+00,2.270000076293945312e+01,2.534000000000000000e+03,2.774369825719209643e+02
0.000000000000000000e+00,2.271169880477629732e+01,1.174000000000000000e+03,4.407848026641900105e+02
0.000000000000000000e+00,2.246085421976819418e+01,2.941000000000000000e+03,6.583859756158111622e+02
0.000000000000000000e+00,2.255900028236230881e+01,1.806000000000000000e+03,9.245411138389973758e+02
1.000000000000000000e+00,2.243473640369488464e+01,3.670000000000000000e+03,1.220572511101093369e+03
1.000000000000000000e+00,2.269274140500562709e+01,4.289000000000000000e+03,1.514930256793932813e+03
1.000000000000000000e+00,2.305978642324573613e+01,3.150000000000000000e+03,1.767719663786366937e+03
1.000000000000000000e+00,2.319370295748971955e+01,3.200000000000000000e+03,1.939214478385412121e+03
1.000000000000000000e+00,2.333218222776558903e+01,4.297000000000000000e+03,2.000000000000000000e+03
1.000000000000000000e+00,2.367643098117375899e+01,2.947000000000000000e+03,1.939214478385412121e+03
1.000000000000000000e+00,2.374793700297373178e+01,2.922000000000000000e+03,1.767719663786366937e+03
1.000000000000000000e+00,2.381193439525156208e+01,3.198000000000000000e+03,1.514930256793932813e+03
1.000000000000000000e+00,2.392650392006970250e+01,2.929000000000000000e+03,1.220572511101093369e+03
1.000000000000000000e+00,2.398478244490609157e+01,1.814000000000000000e+03,9.245411138389973758e+02
1.000000000000000000e+00,2.382612383036804715e+01,1.100000000000000000e+01,6.583859756158111622e+02
2.000000000000000000e+00,2.332644410485044162e+01,3.697000000000000000e+03,4.407848026641900105e+02
2.000000000000000000e+00,2.357363313974190788e+01,1.165000000000000000e+03,2.774369825719209643e+02
1.000000000000000000e+00,2.332389477030901404e+01,1.100000000000000000e+01,1.641699972477975962e+02
1.000000000000000000e+00,2.284201264104568097e+01,1.384000000000000000e+03,9.133030922126044970e+01
1.000000000000000000e+00,2.264207447430568010e+01,1.166000000000000000e+03,2.786548832188188163e-01
1.000000000000000000e+00,2.240723336005160249e+01,5.770000000000000000e+02,8.511269196487928346e-01
0.000000000000000000e+00,2.206747543777589016e+01,1.000000000000000000e+01,9.092187978478371013e-01
0.000000000000000000e+00,2.161178293534252504e+01,1.100000000000000000e+01,3.792097169004270407e-01
0.000000000000000000e+00,2.117306232401267607e+01,1.100000000000000000e+01,5.748632533835962288e-02
0.000000000000000000e+00,2.075045519474190669e+01,1.100000000000000000e+01,1.480397095994498979e-01
0.000000000000000000e+00,2.034332926603806513e+01,1.396000000000000000e+03,1.510237515429007082e-01
0.000000000000000000e+00,2.021743351860839510e+01,1.164000000000000000e+03,3.843648333336457945e-02
0.000000000000000000e+00,2.005098653542896514e+01,1.400000000000000000e+01,7.741741346363101295e-01
0.000000000000000000e+00,1.966899826598289991e+01,1.100000000000000000e+01,7.658362014592680067e-01
0.000000000000000000e+00,1.930032470077630791e+01,2.371000000000000000e+03,3.140674275612861388e-01
0.000000000000000000e+00,1.939888360344677309e+01,2.864000000000000000e+03,5.602756311407633971e-01
0.000000000000000000e+00,1.958767652068646470e+01,1.796000000000000000e+03,3.610257402399394966e-01
0.000000000000000000e+00,1.956304270509774312e+01,3.167000000000000000e+03,0.000000000000000000e+00
0.000000000000000000e+00,1.980224147467084705e+01,2.955000000000000000e+03,6.235061477826491227e-01
0.000000000000000000e+00,1.999071286684664983e+01,1.770000000000000000e+03,7.604439414277887055e-01
0.000000000000000000e+00,1.994329380659433681e+01,3.146000000000000000e+03,6.404151814046741276e-01
0.000000000000000000e+00,2.016156833505559476e+01,5.475000000000000000e+03,9.242686672090397737e-01
0.000000000000000000e+00,2.081861494844152460e+01,1.734000000000000000e+03,5.141614553766649109e-02
-1.000000000000000000e+00,2.073024924350203335e+01,1.783000000000000000e+03,4.291323214525435414e-01
-1.000000000000000000e+00,2.063471734755541576e+01,3.144000000000000000e+03,3.252607026407001722e-01
-1.000000000000000000e+00,2.080384280064122393e+01,2.929000000000000000e+03,5.153539233939796738e-03
-1.000000000000000000e+00,2.092437702468745186e+01,1.794000000000000000e+03,2.561060822226298717e-01
-2.000000000000000000e+00,2.082126493148523139e+01,1.300000000000000000e+01,3.392645299484071675e-01
-2.000000000000000000e+00,2.035959375452454978e+01,3.663000000000000000e+03,9.210466527143392756e-01
-2.000000000000000000e+00,2.061682131477379087e+01,1.143000000000000000e+03,3.815979422164639256e-01
-2.000000000000000000e+00,2.037875298386416745e+01,1.766000000000000000e+03,2.046503873273464169e-01
-2.000000000000000000e+00,2.026886053911880126e+01,1.377000000000000000e+03,8.956586496841777434e-01
-2.000000000000000000e+00,2.008759521545236382e+01,3.635000000000000000e+03,2.193741656417764752e-01
-2.000000000000000000e+00,2.034675340862687776e+01,1.100000000000000000e+01,6.423151891860181539e-01
-2.000000000000000000e+00,1.989822798979719565e+01,1.354000000000000000e+03,2.774369825719209643e+02
-2.000000000000000000e+00,1.972453240749302594e+01,3.617000000000000000e+03,4.407848026641900105e+02
-1.000000000000000000e+00,1.999209493644372060e+01,1.149000000000000000e+03,6.583859756158111622e+02
-1.000000000000000000e+00,1.979348369630712057e+01,1.400000000000000000e+01,9.245411138389973758e+02
-2.000000000000000000e+00,1.938383208371984878e+01,2.281000000000000000e+03,1.220572511101093369e+03
0.000000000000000000e+00,1.940633462803191733e+01,2.319000000000000000e+03,1.514930256793932813e+03
0.000000000000000000e+00,1.947360175849529540e+01,1.200000000000000000e+01,1.767719663786366937e+03
0.000000000000000000e+00,1.909457155709878506e+01,1.359000000000000000e+03,1.939214478385412121e+03
0.000000000000000000e+00,1.898916349653868707e+01,2.972000000000000000e+03,2.000000000000000000e+03
0.000000000000000000e+00,1.919803875974628582e+01,1.141000000000000000e+03,1.939214478385412121e+03
1.000000000000000000e+00,1.904677260676366402e+01,4.246000000000000000e+03,1.767719663786366937e+03
0.000000000000000000e+00,1.951766878935769256e+01,4.151000000000000000e+03,1.514930256793932813e+03
0.000000000000000000e+00,1.993283259662316809e+01,1.200000000000000000e+01,1.220572511101093369e+03
0.000000000000000000e+00,1.953581855260363298e+01,1.793000000000000000e+03,9.245411138389973758e+02
1.000000000000000000e+00,1.949621187348598639e+01,3.184000000000000000e+03,6.583859756158111622e+02
1.000000000000000000e+00,1.974444419338004408e+01,1.168000000000000000e+03,4.407848026641900105e+02
1.000000000000000000e+00,1.959493427163916479e+01,1.777000000000000000e+03,2.774369825719209643e+02
0.000000000000000000e+00,1.956772596314929302e+01,3.152000000000000000e+03,1.641699972477975962e+02
0.000000000000000000e+00,1.978612119779037926e+01,4.246000000000000000e+03,9.133030922126044970e+01
0.000000000000000000e+00,2.020585669966855491e+01,1.782000000000000000e+03,8.223482080500130742e-01
0.000000000000000000e+00,2.013492302156019420e+01,1.409000000000000000e+03,6.951060286196717453e-01
0.000000000000000000e+00,1.999430471061074499e+01,1.780000000000000000e+03,9.651505952673294919e-01
0.000000000000000000e+00,1.992975921636249836e+01,1.801000000000000000e+03,8.954457332061316333e-01
0.000000000000000000e+00,1.987105340939019271e+01,3.212000000000000000e+03,6.098111614788227497e-01
0.000000000000000000e+00,2.008528119024204273e+01,1.798000000000000000e+03,1.512238782578407825e-01
0.000000000000000000e+00,2.001867582648938537e+01,1.799000000000000000e+03,3.458658339394844461e-01
0.000000000000000000e+00,1.995415425185667502e+01,1.810000000000000000e+03,7.948833390955947209e-01
0.000000000000000000e+00,1.989355991864823281e+01,1.818000000000000000e+03,4.534682049864930953e-01
0.000000000000000000e+00,1.983616519485078200e+01,1.772000000000000000e+03,3.222009177027779225e-01
0.000000000000000000e+00,1.977146254118983393e+01,1.809000000000000000e+03,6.880553191775293786e-01
0.000000000000000000e+00,1.971569524055028921e+01,3.169000000000000000e+03,4.695637596094873745e-01
0.000000000000000000e+00,1.992295322215881370e+01,2.926000000000000000e+03,1.865952026638750816e-01
0.000000000000000000e+00,2.007485923091254776e+01,1.200000000000000000e+01,0.000000000000000000e+00
1.000000000000000000e+00,1.965987496248173727e+01,3.059000000000000000e+03,2.446214700175675105e-01
1.000000000000000000e+00,1.986542973053740013e+01,1.741000000000000000e+03,7.665480370334983862e-01
1.000000000000000000e+00,1.980900328827713963e+01,1.739000000000000000e+03,4.163350930094025237e-01
1.000000000000000000e+00,1.975374895341063208e+01,1.000000000000000000e+01,7.394898562495298977e-01
1.000000000000000000e+00,1.936749403161526573e+01,1.413000000000000000e+03,6.370656350528569600e-01
1.000000000000000000e+00,1.926527554499217487e+01,1.180000000000000000e+03,4.786289615997417757e-01
1.000000000000000000e+00,1.912155056296242250e+01,1.300000000000000000e+01,7.632614862421727153e-04
1.000000000000000000e+00,1.875828851665356467e+01,2.593000000000000000e+03,2.637084598455979867e-01
1.000000000000000000e+00,1.890451832218600003e+01,1.400000000000000000e+01,4.300745262742999842e-02
1.000000000000000000e+00,1.854851755650461698e+01,1.100000000000000000e+01,3.496559858365025919e-01
2.000000000000000000e+00,1.820497692139968038e+01,1.399000000000000000e+03,2.659664446745130251e-01
2.000000000000000000e+00,1.816018712142560787e+01,2.549000000000000000e+03,4.238505206961274974e-01
2.000000000000000000e+00,1.833766705391571250e+01,1.100000000000000000e+01,8.227741497934357717e-01
2.000000000000000000e+00,1.801962750056292961e+01,2.988000000000000000e+03,9.058781495291050589e-01
2.000000000000000000e+00,1.828571650728476783e+01,1.369000000000000000e+03,2.046637334036904843e-02
2.000000000000000000e+00,1.822962135435935238e+01,1.366000000000000000e+03,9.556955995799644166e-01
2.000000000000000000e+00,1.817450362343790715e+01,1.300000000000000000e+01,2.774369825719209643e+02
3.000000000000000000e+00,1.786080663787760159e+01,1.380000000000000000e+03,4.407848026641900105e+02
3.000000000000000000e+00,1.784088558624006282e+01,1.371000000000000000e+03,6.583859756158111622e+02
4.000000000000000000e+00,1.781967939967372772e+01,9.000000000000000000e+00,9.245411138389973758e+02
4.000000000000000000e+00,1.755640742743992533e+01,7.000000000000000000e+00,1.220572511101093369e+03
4.000000000000000000e+00,1.730279202679569295e+01,9.000000000000000000e+00,1.514930256793932813e+03
4.000000000000000000e+00,1.705933479622379423e+01,8.000000000000000000e+00,1.767719663786366937e+03
5.000000000000000000e+00,1.682515590597944311e+01,8.000000000000000000e+00,1.939214478385412121e+03
5.000000000000000000e+00,1.661941727137641323e+01,7.000000000000000000e+00,2.000000000000000000e+03
6.000000000000000000e+00,1.642161686081480099e+01,7.000000000000000000e+00,1.939214478385412121e+03
6.000000000000000000e+00,1.625088005010955783e+01,8.000000000000000000e+00,1.767719663786366937e+03
6.000000000000000000e+00,1.608705460050056502e+01,9.000000000000000000e+00,1.514930256793932813e+03
6.000000000000000000e+00,1.592977121922414518e+01,6.000000000000000000e+00,1.220572511101093369e+03
6.000000000000000000e+00,1.577789028138339233e+01,9.000000000000000000e+00,9.245411138389973758e+02
6.000000000000000000e+00,1.563223914144834303e+01,1.000000000000000000e+01,6.583859756158111622e+02
6.000000000000000000e+00,1.549208699970048109e+01,9.000000000000000000e+00,4.407848026641900105e+02
5.000000000000000000e+00,1.535675037338668503e+01,9.000000000000000000e+00,2.774369825719209643e+02
5.000000000000000000e+00,1.520690048873207445e+01,1.000000000000000000e+01,1.641699972477975962e+02
5.000000000000000000e+00,1.506247164461994181e+01,6.000000000000000000e+00,9.133030922126044970e+01
5.000000000000000000e+00,1.492226265658619333e+01,7.000000000000000000e+00,8.012305146055856975e-01
5.000000000000000000e+00,1.478703515490024145e+01,8.000000000000000000e+00,7.091288777404460841e-01
5.000000000000000000e+00,1.465659491598805886e+01,7.000000000000000000e+00,7.555542194225550734e-01
6.000000000000000000e+00,1.453037079607807414e+01,8.000000000000000000e+00,5.564799828009646676e-01
5.000000000000000000e+00,1.442785275043818771e+01,6.000000000000000000e+00,9.886415002033729360e-01
6.000000000000000000e+00,1.430905012955807720e+01,6.000000000000000000e+00,6.499796284802269453e-01
5.000000000000000000e+00,1.421347237326205004e+01,8.000000000000000000e+00,4.302461246698533470e-01
5.000000000000000000e+00,1.410210892760219537e+01,1.000000000000000000e+01,4.995871667717245446e-01
5.000000000000000000e+00,1.399479607189949881e+01,9.000000000000000000e+00,9.090263038048772559e-01
5.000000000000000000e+00,1.389079972318402234e+01,9.000000000000000000e+00,1.541103643999808259e-01
5.000000000000000000e+00,1.379018295208672207e+01,8.000000000000000000e+00,2.039760482095103189e-01
5.000000000000000000e+00,1.369262222011996322e+01,8.000000000000000000e+00,8.553522644787748819e-01
6.000000000000000000e+00,1.359819140326723996e+01,7.000000000000000000e+00,9.690332399773704530e-02
6.000000000000000000e+00,1.352584630781864483e+01,7.000000000000000000e+00,0.000000000000000000e+00
6.000000000000000000e+00,1.345569862651234416e+01,8.000000000000000000e+00,3.598887765843160613e-01
6.000000000000000000e+00,1.338785602107813233e+01,6.000000000000000000e+00,9.595324070347202028e-01
6.000000000000000000e+00,1.332165293681216767e+01,1.000000000000000000e+01,4.193101186256154023e-02
6.000000000000000000e+00,1.325817970974441984e+01,9.000000000000000000e+00,9.431266621650800097e-01
6.000000000000000000e+00,1.319637011756895006e+01,8.000000000000000000e+00,4.108088555659071828e-01
6.000000000000000000e+00,1.313615999587217509e+01,8.000000000000000000e+00,6.566096263505405428e-02
6.000000000000000000e+00,1.307768009448929192e+01,6.000000000000000000e+00,3.149491648423505818e-01
6.000000000000000000e+00,1.302047948822319512e+01,8.000000000000000000e+00,9.815617040863772180e-01
6.000000000000000000e+00,1.296527867684136126e+01,9.000000000000000000e+00,2.642910113887719792e-02
7.000000000000000000e+00,1.291180835326608900e+01,7.000000000000000000e+00,5.933282186833235272e-01
7.000000000000000000e+00,1.287869539379172146e+01,8.000000000000000000e+00,8.606971091755650782e-01
7.000000000000000000e+00,1.284650401862145408e+01,9.000000000000000000e+00,7.828232099854661730e-01
7.000000000000000000e+00,1.281519972167932231e+01,7.000000000000000000e+00,3.762743863073835238e-01
8.000000000000000000e+00,1.278417228192241772e+01,1.161000000000000000e+03,7.952838276942434392e-01
8.000000000000000000e+00,1.299499821925030751e+01,1.161000000000000000e+03,3.094876200600190641e-01
8.000000000000000000e+00,1.319723116310410482e+01,1.161000000000000000e+03,3.277336218041290161e-01
8.000000000000000000e+00,1.339121098075693617e+01,1.161000000000000000e+03,2.774369825719209643e+02
8.000000000000000000e+00,1.357737027961929854e+01,1.161000000000000000e+03,4.407848026641900105e+02
8.000000000000000000e+00,1.375608070404357441e+01,1.161000000000000000e+03,6.583859756158111622e+02
8.000000000000000000e+00,1.392771983472782082e+01,1.161000000000000000e+03,9.245411138389973758e+02
8.000000000000000000e+00,1.409266871105392838e+01,1.161000000000000000e+03,1.220572511101093369e+03
8.000000000000000000e+00,1.425130448575915487e+01,1.161000000000000000e+03,1.514930256793932813e+03
8.000000000000000000e+00,1.440398845912395309e+01,1.161000000000000000e+03,1.767719663786366937e+03
8.000000000000000000e+00,1.455105142374029725e+01,1.161000000000000000e+03,1.939214478385412121e+03
8.000000000000000000e+00,1.469277969657948191e+01,1.161000000000000000e+03,2.000000000000000000e+03
8.000000000000000000e+00,1.482940569672850373e+01,1.161000000000000000e+03,1.939214478385412121e+03
8.000000000000000000e+00,1.496110603505816528e+01,1.161000000000000000e+03,1.767719663786366937e+03
8.000000000000000000e+00,1.508800801325125640e+01,1.161000000000000000e+03,1.514930256793932813e+03
8.000000000000000000e+00,1.521020296147005979e+01,1.161000000000000000e+03,1.220572511101093369e+03
8.000000000000000000e+00,1.532776296689842788e+01,1.161000000000000000e+03,9.245411138389973758e+02
8.000000000000000000e+00,1.544075696214598281e+01,1.161000000000000000e+03,6.583859756158111622e+02
8.000000000000000000e+00,1.554926293732349407e+01,1.161000000000000000e+03,4.407848026641900105e+02
8.000000000000000000e+00,1.565337470373549600e+01,1.161000000000000000e+03,2.774369825719209643e+02
8.000000000000000000e+00,1.575320339798575553e+01,1.161000000000000000e+03,1.641699972477975962e+02
8.000000000000000000e+00,1.584887513862993380e+01,1.161000000000000000e+03,9.133030922126044970e+01
8.000000000000000000e+00,1.594052668036003517e+01,1.161000000000000000e+03,8.272345021872632431e-01
8.000000000000000000e+00,1.602828269444103881e+01,1.161000000000000000e+03,6.092714590720599288e-01
8.000000000000000000e+00,1.611229761980043662e+01,1.161000000000000000e+03,6.378206972612331382e-01
8.000000000000000000e+00,1.619271989384298038e+01,1.161000000000000000e+03,9.020238878223465484e-01
8.000000000000000000e+00,1.626969218482949131e+01,1.161000000000000000e+03,8.626481708196132026e-03
8.000000000000000000e+00,1.634335108550654425e+01,1.161000000000000000e+03,6.507679426307771964e-01
8.000000000000000000e+00,1.641382838586854120e+01,1.161000000000000000e+03,1.426659421611649048e-01
8.000000000000000000e+00,1.648125023203763106e+01,1.161000000000000000e+03,9.848739735594084221e-01
8.000000000000000000e+00,1.654573830820783797e+01,1.161000000000000000e+03,6.651823214996768208e-01
8.000000000000000000e+00,1.660740904877994595e+01,1.161000000000000000e+03,8.220172581744000784e-01
8.000000000000000000e+00,1.666637447449074472e+01,1.161000000000000000e+03,9.841334712684089991e-01
8.000000000000000000e+00,1.672274218550791502e+01,1.161000000000000000e+03,1.327877730940140166e-01
8.000000000000000000e+00,1.677661514557956934e+01,1.161000000000000000e+03,1.690162503532940397e-01
8.000000000000000000e+00,1.682809259439837035e+01,1.161000000000000000e+03,0.000000000000000000e+00
8.000000000000000000e+00,1.687726977490202174e+01,1.161000000000000000e+03,6.732126695259067484e-01
8.000000000000000000e+00,1.692423849249744450e+01,1.161000000000000000e+03,3.935467374226528925e-01
8.000000000000000000e+00,1.696908656206321808e+01,1.161000000000000000e+03,1.035078896568053519e-01
8.000000000000000000e+00,1.701189832755136422e+01,1.161000000000000000e+03,9.336015405804181100e-01
8.000000000000000000e+00,1.705275523205415666e+01,1.161000000000000000e+03,3.334671850567632045e-01
8.000000000000000000e+00,1.709173495398441389e+01,1.161000000000000000e+03,7.297977699284254882e-01
8.000000000000000000e+00,1.712891248688761436e+01,1.161000000000000000e+03,5.029747192985096760e-01
8.000000000000000000e+00,1.716435962380162650e+01,1.161000000000000000e+03,4.911810584799055635e-01
8.000000000000000000e+00,1.719814540535124081e+01,1.161000000000000000e+03,6.306923524635887901e-02
8.000000000000000000e+00,1.723033598625062268e+01,1.161000000000000000e+03,3.949237051519973729e-01
8.000000000000000000e+00,1.726099520027823786e+01,1.161000000000000000e+03,4.190987031744892732e-01
8.000000000000000000e+00,1.729018424200051385e+01,1.161000000000000000e+03,1.724148232658073709e-01
8.000000000000000000e+00,1.731796178536637854e+01,8.000000000000000000e+00,3.744617389488640313e-01
8.000000000000000000e+00,1.712264509546130498e+01,8.000000000000000000e+00,1.817710174268427625e-02
7.000000000000000000e+00,1.693453932213478552e+01,6.000000000000000000e+00,3.830326195753439578e-01
7.000000000000000000e+00,1.673370707600203744e+01,6.000000000000000000e+00,2.403479562658503710e-01
7.000000000000000000e+00,1.654024713380890788e+01,8.000000000000000000e+00,2.774369825719209643e+02
8.000000000000000000e+00,1.635436103158296106e+01,7.000000000000000000e+00,4.407848026641900105e+02
7.000000000000000000e+00,1.619450707645455267e+01,9.000000000000000000e+00,6.583859756158111622e+02
7.000000000000000000e+00,1.602183847362409708e+01,1.000000000000000000e+01,9.245411138389973758e+02
7.000000000000000000e+00,1.585598262659333813e+01,8.000000000000000000e+00,1.220572511101093369e+03
7.000000000000000000e+00,1.569620794940919417e+01,7.000000000000000000e+00,1.514930256793932813e+03
8.000000000000000000e+00,1.554257939135518285e+01,9.000000000000000000e+00,1.767719663786366937e+03
7.000000000000000000e+00,1.541479773817790289e+01,7.000000000000000000e+00,1.939214478385412121e+03
8.000000000000000000e+00,1.527265876649408760e+01,8.000000000000000000e+00,2.000000000000000000e+03
8.000000000000000000e+00,1.515580889221163297e+01,7.000000000000000000e+00,1.939214478385412121e+03
8.000000000000000000e+00,1.504363089968379619e+01,9.000000000000000000e+00,1.767719663786366937e+03
8.000000000000000000e+00,1.493645074762245706e+01,8.000000000000000000e+00,1.514930256793932813e+03
8.000000000000000000e+00,1.483339731118954141e+01,8.000000000000000000e+00,1.220572511101093369e+03
8.000000000000000000e+00,1.473438683815404993e+01,8.000000000000000000e+00,9.245411138389973758e+02
7.000000000000000000e+00,1.463914646060114855e+01,7.000000000000000000e+00,6.583859756158111622e+02
7.000000000000000000e+00,1.452796372227803801e+01,7.000000000000000000e+00,4.407848026641900105e+02
7.000000000000000000e+00,1.442078812938764365e+01,7.000000000000000000e+00,2.774369825719209643e+02
6.000000000000000000e+00,1.431740009671621650e+01,1.000000000000000000e+01,1.641699972477975962e+02
6.000000000000000000e+00,1.419891519777343447e+01,8.000000000000000000e+00,9.133030922126044970e+01
6.000000000000000000e+00,1.408415268327047976e+01,7.000000000000000000e+00,2.160826170262780677e-01
6.000000000000000000e+00,1.397312432791678383e+01,5.000000000000000000e+00,2.988299958797790978e-01
6.000000000000000000e+00,1.386549205313893651e+01,7.000000000000000000e+00,4.827865262124353407e-01
6.000000000000000000e+00,1.376189252366951266e+01,8.000000000000000000e+00,1.288314084162672790e-01
5.000000000000000000e+00,1.366197632147081897e+01,7.000000000000000000e+00,1.883518338435622441e-01
5.000000000000000000e+00,1.354594563149597164e+01,8.000000000000000000e+00,5.246815381534085665e-01
4.000000000000000000e+00,1.343403359688499599e+01,8.000000000000000000e+00,8.049068154792522467e-01
4.000000000000000000e+00,1.330661778579060517e+01,8.000000000000000000e+00,9.858246380365570660e-01
4.000000000000000000e+00,1.318352292035480389e+01,8.000000000000000000e+00,3.548103778071594050e-01
4.000000000000000000e+00,1.306458032155189386e+01,6.000000000000000000e+00,2.848028452434314683e-02
4.000000000000000000e+00,1.294924344739051314e+01,9.000000000000000000e+00,3.219843463791028926e-01
3.000000000000000000e+00,1.283833334646214297e+01,8.000000000000000000e+00,4.941698402814654889e-01
3.000000000000000000e+00,1.271163899786044027e+01,9.000000000000000000e+00,2.974911023797580656e-01
3.000000000000000000e+00,1.258938061157820698e+01,7.000000000000000000e+00,0.000000000000000000e+00
3.000000000000000000e+00,1.247080850113532513e+01,8.000000000000000000e+00,8.438064710070695140e-01
3.000000000000000000e+00,1.235635626390164532e+01,1.100000000000000000e+01,8.775264289351001334e-01
3.000000000000000000e+00,1.224624837498583396e+01,7.000000000000000000e+00,6.769498050169475700e-02
2.000000000000000000e+00,1.213896969854747709e+01,8.000000000000000000e+00,2.712091872846170704e-01
2.000000000000000000e+00,1.201610178650814653e+01,1.000000000000000000e+01,8.851536674763715862e-02
2.000000000000000000e+00,1.189766539141221102e+01,8.000000000000000000e+00,3.546524435041209511e-02
2.000000000000000000e+00,1.178271912014376888e+01,7.000000000000000000e+00,3.793841437353828727e-01
2.000000000000000000e+00,1.167131962026903835e+01,9.000000000000000000e+00,5.867097710082960216e-01
1.000000000000000000e+00,1.156390608203085435e+01,7.000000000000000000e+00,8.163726903538686130e-01
1.000000000000000000e+00,1.144028496528282624e+01,7.000000000000000000e+00,5.110441431949812596e-01
0.000000000000000000e+00,1.132069320712647809e+01,1.000000000000000000e+01,8.273632337446132912e-01
0.000000000000000000e+00,1.118628153950598403e+01,8.000000000000000000e+00,2.907290969042570783e-01
1.000000000000000000e+00,1.105588703972282261e+01,8.000000000000000000e+00,8.192656940324138937e-02
1.000000000000000000e+00,1.094900777923810509e+01,9.000000000000000000e+00,2.289762196985204445e-01
3.000000000000000000e+00,1.084569987418146830e+01,9.000000000000000000e+00,9.968720604036158672e-01
4.000000000000000000e+00,1.078417266438497357e+01,8.000000000000000000e+00,9.031634776048046431e-01
5.000000000000000000e+00,1.074343544141172480e+01,9.000000000000000000e+00,2.774369825719209643e+02
6.000000000000000000e+00,1.072321912486459539e+01,8.000000000000000000e+00,4.407848026641900105e+02
7.000000000000000000e+00,1.072245255692121013e+01,9.000000000000000000e+00,6.583859756158111622e+02
7.000000000000000000e+00,1.074089611909800013e+01,8.000000000000000000e+00,9.245411138389973758e+02
7.000000000000000000e+00,1.075829916768248751e+01,7.000000000000000000e+00,1.220572511101093369e+03
7.000000000000000000e+00,1.077481631292326902e+01,7.000000000000000000e+00,1.514930256793932813e+03
7.000000000000000000e+00,1.079078740761156929e+01,9.000000000000000000e+00,1.767719663786366937e+03
7.000000000000000000e+00,1.080671516310413693e+01,8.000000000000000000e+00,1.939214478385412121e+03
7.000000000000000000e+00,1.082208986664812578e+01,7.000000000000000000e+00,2.000000000000000000e+03
7.000000000000000000e+00,1.083695564142496437e+01,9.000000000000000000e+00,1.939214478385412121e+03
7.000000000000000000e+00,1.085188517624014004e+01,7.000000000000000000e+00,1.767719663786366937e+03
7.000000000000000000e+00,1.086604063390740116e+01,9.000000000000000000e+00,1.514930256793932813e+03
6.000000000000000000e+00,1.088012398150529236e+01,6.000000000000000000e+00,1.220572511101093369e+03
5.000000000000000000e+00,1.087379402108364701e+01,1.000000000000000000e+01,9.245411138389973758e+02
4.000000000000000000e+00,1.084902962689654160e+01,9.000000000000000000e+00,6.583859756158111622e+02
4.000000000000000000e+00,1.080543720135916352e+01,7.000000000000000000e+00,4.407848026641900105e+02
4.000000000000000000e+00,1.076269578841766617e+01,6.000000000000000000e+00,2.774369825719209643e+02
4.000000000000000000e+00,1.072090254468794335e+01,9.000000000000000000e+00,1.641699972477975962e+02
2.000000000000000000e+00,1.068074730962283070e+01,1.200000000000000000e+01,9.133030922126044970e+01
1.000000000000000000e+00,1.060360024547447644e+01,8.000000000000000000e+00,8.808867448843028525e-01
1.000000000000000000e+00,1.050869473286757838e+01,8.000000000000000000e+00,9.270824286883351251e-01
0.000000000000000000e+00,1.041671317409859476e+01,9.000000000000000000e+00,8.291599995955279967e-01
0.000000000000000000e+00,1.030846504870508085e+01,7.000000000000000000e+00,9.433550936520825880e-01
0.000000000000000000e+00,1.020322890357107326e+01,8.000000000000000000e+00,1.320079741040458554e-02
0.000000000000000000e+00,1.010146461659053685e+01,1.000000000000000000e+01,5.585692646767135283e-01
0.000000000000000000e+00,1.000323046792293269e+01,8.000000000000000000e+00,2.526754313471146762e-02
-1.000000000000000000e+00,9.907620647005089154e+00,8.000000000000000000e+00,6.534260288488773494e-01
-1.000000000000000000e+00,9.795648772100793877e+00,9.000000000000000000e+00,6.627904270998208336e-01
-1.000000000000000000e+00,9.687366306827858153e+00,1.000000000000000000e+01,7.033240157191607000e-01
-1.000000000000000000e+00,9.582630579229354240e+00,8.000000000000000000e+00,3.336248619778466873e-01
-1.000000000000000000e+00,9.480727436086741733e+00,9.000000000000000000e+00,2.461335327939873086e-02
-1.000000000000000000e+00,9.382124190684296039e+00,1.100000000000000000e+01,1.911230927392308931e-01
-2.000000000000000000e+00,9.286885881049300906e+00,9.000000000000000000e+00,0.000000000000000000e+00
-1.000000000000000000e+00,9.174843648412513986e+00,9.000000000000000000e+00,6.117583404529448599e-01
-1.000000000000000000e+00,9.085528465127778119e+00,1.100000000000000000e+01,1.454722867369128148e-01
-1.000000000000000000e+00,8.999219814291057773e+00,8.000000000000000000e+00,5.670244093343969061e-01
-1.000000000000000000e+00,8.914840690814186175e+00,1.000000000000000000e+01,2.658866508004998908e-01
-1.000000000000000000e+00,8.833278420189055069e+00,1.100000000000000000e+01,5.010927354690086766e-01
-1.000000000000000000e+00,8.754232655719015099e+00,1.100000000000000000e+01,6.103052457283152377e-01
-1.000000000000000000e+00,8.677414638377495493e+00,1.000000000000000000e+01,7.638894708391973376e-01
-1.000000000000000000e+00,8.602546805616569259e+00,1.000000000000000000e+01,2.221129032925498459e-01
-1.000000000000000000e+00,8.529746696881520762e+00,9.000000000000000000e+00,4.400894269423771821e-02
-1.000000000000000000e+00,8.458742922664862718e+00,1.000000000000000000e+01,6.616534651576135850e-01
-1.000000000000000000e+00,8.389851838588327837e+00,1.000000000000000000e+01,5.932702197411272582e-01
-1.000000000000000000e+00,8.322800514038393160e+00,9.000000000000000000e+00,7.995620298477124077e-02
0.000000000000000000e+00,8.257326403180314855e+00,7.000000000000000000e+00,6.583010419669232949e-01
1.000000000000000000e+00,8.212447340710442134e+00,7.000000000000000000e+00,4.771833622246284268e-01
2.000000000000000000e+00,8.187796184447355685e+00,8.000000000000000000e+00,4.561807120605836374e-01
3.000000000000000000e+00,8.182828259943530469e+00,1.100000000000000000e+01,7.867831961807102426e-01
3.000000000000000000e+00,8.197212862114028553e+00,1.000000000000000000e+01,2.774369825719209643e+02
4.000000000000000000e+00,8.210314719582587628e+00,1.100000000000000000e+01,4.407848026641900105e+02
5.000000000000000000e+00,8.241902787643034856e+00,9.000000000000000000e+00,6.583859756158111622e+02
6.000000000000000000e+00,8.290814401361934927e+00,1.100000000000000000e+01,9.245411138389973758e+02
8.000000000000000000e+00,8.357296541763680864e+00,1.000000000000000000e+01,1.220572511101093369e+03
1.000000000000000000e+01,8.459521854774806116e+00,1.100000000000000000e+01,1.514930256793932813e+03
1.000000000000000000e+01,8.596694730010668195e+00,7.000000000000000000e+00,1.767719663786366937e+03
1.100000000000000000e+01,8.728148930422282348e+00,9.000000000000000000e+00,1.939214478385412121e+03
1.000000000000000000e+01,8.874597335137561771e+00,8.000000000000000000e+00,2.000000000000000000e+03
9.000000000000000000e+00,8.996412694516815023e+00,9.000000000000000000e+00,1.939214478385412121e+03
9.000000000000000000e+00,9.094867542280734796e+00,8.000000000000000000e+00,1.767719663786366937e+03
9.000000000000000000e+00,9.189643000584723609e+00,1.000000000000000000e+01,1.514930256793932813e+03
7.000000000000000000e+00,9.281362987987163748e+00,9.000000000000000000e+00,1.220572511101093369e+03
6.000000000000000000e+00,9.330918262139869412e+00,8.000000000000000000e+00,9.245411138389973758e+02
6.000000000000000000e+00,9.359010608236854267e+00,8.000000000000000000e+00,6.583859756158111622e+02
6.000000000000000000e+00,9.385788200098176048e+00,1.100000000000000000e+01,4.407848026641900105e+02
6.000000000000000000e+00,9.411797098690650287e+00,1.000000000000000000e+01,2.774369825719209643e+02
5.000000000000000000e+00,9.436237256654926853e+00,1.000000000000000000e+01,1.641699972477975962e+02
6.000000000000000000e+00,9.440050494110753476e+00,8.000000000000000000e+00,9.133030922126044970e+01
6.000000000000000000e+00,9.462120144649219355e+00,8.000000000000000000e+00,9.860237525231415612e-01
6.000000000000000000e+00,9.482865835307961788e+00,1.000000000000000000e+01,1.330291656964731617e-01
7.000000000000000000e+00,9.502725429961996539e+00,1.000000000000000000e+01,4.582534866056717782e-01
6.000000000000000000e+00,9.540620931344820477e+00,7.000000000000000000e+00,8.480846089113301955e-01
5.000000000000000000e+00,9.556784366682624210e+00,6.000000000000000000e+00,6.586965573564151910e-02
6.000000000000000000e+00,9.552399284088348708e+00,7.000000000000000000e+00,6.121757048537289636e-01
5.000000000000000000e+00,9.567143254476727421e+00,6.000000000000000000e+00,9.423069453245047633e-01
7.000000000000000000e+00,9.561397832610104786e+00,8.000000000000000000e+00,5.963349759981473319e-01
7.000000000000000000e+00,9.594300036310304591e+00,8.000000000000000000e+00,9.751755468576615016e-01
7.000000000000000000e+00,9.625520277054722129e+00,1.000000000000000000e+01,3.437963244317043809e-02
7.000000000000000000e+00,9.655510308912194972e+00,7.000000000000000000e+00,1.658605457923575388e-01
7.000000000000000000e+00,9.683358675924244707e+00,8.000000000000000000e+00,5.777024983368813649e-01
7.000000000000000000e+00,9.709919794427806394e+00,8.000000000000000000e+00,9.472351457098822092e-01
7.000000000000000000e+00,9.735053598034948408e+00,9.000000000000000000e+00,0.000000000000000000e+00
7.000000000000000000e+00,9.759009462471389895e+00,8.000000000000000000e+00,5.892294295452271680e-02
7.000000000000000000e+00,9.781450567775495486e+00,6.000000000000000000e+00,7.846078456434052439e-01
7.000000000000000000e+00,9.802245538735833819e+00,7.000000000000000000e+00,4.437138570393232007e-01
7.000000000000000000e+00,9.822036826117775732e+00,9.000000000000000000e+00,8.707493990555482677e-01
8.000000000000000000e+00,9.841057811505056208e+00,8.000000000000000000e+00,3.491709788683017290e-02
7.000000000000000000e+00,9.878032941199670347e+00,1.000000000000000000e+01,4.250740938347364883e-01
7.000000000000000000e+00,9.894350927418980035e+00,7.000000000000000000e+00,2.791123460607537465e-01
7.000000000000000000e+00,9.909077563967422009e+00,9.000000000000000000e+00,5.205337380528194391e-01
6.000000000000000000e+00,9.923237771083712744e+00,1.000000000000000000e+01,6.867109553512196207e-01
7.000000000000000000e+00,9.917393321468860989e+00,7.000000000000000000e+00,9.983750048415186429e-01
7.000000000000000000e+00,9.930046524679770670e+00,9.000000000000000000e+00,7.679432458353440127e-01
7.000000000000000000e+00,9.942218597626601095e+00,7.000000000000000000e+00,7.107134919266832052e-01
7.000000000000000000e+00,9.953160722095546475e+00,1.000000000000000000e+01,8.296200602344320219e-01
6.000000000000000000e+00,9.963883701284064642e+00,1.100000000000000000e+01,4.764735811597061721e-01
8.000000000000000000e+00,9.954743280387804205e+00,8.000000000000000000e+00,9.314804988811948849e-01
8.000000000000000000e+00,9.983506049516154945e+00,1.100000000000000000e+01,8.357042088686683634e-01
8.000000000000000000e+00,1.001140886019317833e+01,8.000000000000000000e+00,2.774369825719209643e+02
8.000000000000000000e+00,1.003743921724679922e+01,8.000000000000000000e+00,4.407848026641900105e+02
9.000000000000000000e+00,1.006231047559700720e+01,1.100000000000000000e+01,6.583859756158111622e+02
9.000000000000000000e+00,1.010599887873398472e+01,1.000000000000000000e+01,9.245411138389973758e+02
8.000000000000000000e+00,1.014788438970692397e+01,8.000000000000000000e+00,1.220572511101093369e+03
8.000000000000000000e+00,1.016868888904667045e+01,7.000000000000000000e+00,1.514930256793932813e+03
8.000000000000000000e+00,1.018875921503963866e+01,8.000000000000000000e+00,1.767719663786366937e+03
8.000000000000000000e+00,1.020860479098174878e+01,9.000000000000000000e+00,1.939214478385412121e+03
8.000000000000000000e+00,1.022829929846991703e+01,8.000000000000000000e+00,2.000000000000000000e+03
7.000000000000000000e+00,1.024748628039953502e+01,9.000000000000000000e+00,1.939214478385412121e+03
7.000000000000000000e+00,1.024727573885960119e+01,7.000000000000000000e+00,1.767719663786366937e+03
7.000000000000000000e+00,1.024700036173524609e+01,8.000000000000000000e+00,1.514930256793932813e+03
5.000000000000000000e+00,1.024714149008730679e+01,8.000000000000000000e+00,1.220572511101093369e+03
4.000000000000000000e+00,1.020883755986634611e+01,1.000000000000000000e+01,9.245411138389973758e+02
3.000000000000000000e+00,1.015302867364387396e+01,1.000000000000000000e+01,6.583859756158111622e+02
3.000000000000000000e+00,1.007986093883076428e+01,1.000000000000000000e+01,4.407848026641900105e+02
2.000000000000000000e+00,1.000914779838263158e+01,8.000000000000000000e+00,2.774369825719209643e+02
0.000000000000000000e+00,9.921076634731988975e+00,8.000000000000000000e+00,1.641699972477975962e+02
1.000000000000000000e+00,9.797346005256533985e+00,1.000000000000000000e+01,9.133030922126044970e+01
1.000000000000000000e+00,9.697413259142679820e+00,8.000000000000000000e+00,4.307508034264916352e-01
3.000000000000000000e+00,9.600326848189311590e+00,9.000000000000000000e+00,5.372094063205937742e-01
3.000000000000000000e+00,9.545092741677237314e+00,1.000000000000000000e+01,7.339578417090681928e-01
3.000000000000000000e+00,9.491639858811341313e+00,8.000000000000000000e+00,9.554864779383774875e-01
4.000000000000000000e+00,9.439322981963506720e+00,1.000000000000000000e+01,1.026063858074539592e-01
3.000000000000000000e+00,9.408137338011551165e+00,7.000000000000000000e+00,8.165350880210420215e-02
2.000000000000000000e+00,9.357808843421739908e+00,9.000000000000000000e+00,7.416128184209396235e-01
2.000000000000000000e+00,9.289996776795398148e+00,1.000000000000000000e+01,5.686608374636846763e-01
2.000000000000000000e+00,9.224411749427641638e+00,1.000000000000000000e+01,3.708439707141344410e-01
2.000000000000000000e+00,9.160775569256683681e+00,1.000000000000000000e+01,3.271667640695397061e-01
2.000000000000000000e+00,9.099013183350310285e+00,1.000000000000000000e+01,6.803189260043270847e-01
2.000000000000000000e+00,9.039052646859481399e+00,1.000000000000000000e+01,2.270710820890042836e-01
1.000000000000000000e+00,8.980824538998296802e+00,9.000000000000000000e+00,2.168379457548914591e-01
1.000000000000000000e+00,8.904800212224856182e+00,9.000000000000000000e+00,0.000000000000000000e+00
1.000000000000000000e+00,8.831086747490047628e+00,9.000000000000000000e+00,7.741348540388262034e-01
0.000000000000000000e+00,8.759595266155942639e+00,8.000000000000000000e+00,5.260459490542828132e-01
0.000000000000000000e+00,8.670777867439641184e+00,6.000000000000000000e+00,7.834357258040980376e-01
0.000000000000000000e+00,8.584338781236807492e+00,8.000000000000000000e+00,7.102734651238314934e-01
0.000000000000000000e+00,8.500955144540645492e+00,7.000000000000000000e+00,8.533249287983890596e-02
0.000000000000000000e+00,8.419931778279574175e+00,8.000000000000000000e+00,5.788513924771496733e-01
0.000000000000000000e+00,8.341562312572655458e+00,1.100000000000000000e+01,9.492080106028070174e-01
0.000000000000000000e+00,8.266129150195512310e+00,8.000000000000000000e+00,7.235173177214593299e-02
0.000000000000000000e+00,8.192364957445182228e+00,9.000000000000000000e+00,9.138864968366565700e-01
0.000000000000000000e+00,8.120974972586520124e+00,9.000000000000000000e+00,7.627390084189550334e-01
0.000000000000000000e+00,8.051675469885902103e+00,1.000000000000000000e+01,1.250137647467786106e-02
0.000000000000000000e+00,7.984578106789274266e+00,1.200000000000000000e+01,2.178922053892440314e-01
0.000000000000000000e+00,7.919790701785479392e+00,1.000000000000000000e+01,1.487386588519001851e-01
1.000000000000000000e+00,7.856455337658228899e+00,9.000000000000000000e+00,8.630453241407574083e-01
2.000000000000000000e+00,7.813978808571878432e+00,7.000000000000000000e+00,1.794950324691524379e-01
2.000000000000000000e+00,7.791406178275201988e+00,9.000000000000000000e+00,4.035537249885237099e-01
2.000000000000000000e+00,7.769511915530901369e+00,1.000000000000000000e+01,2.774369825719209643e+02
3.000000000000000000e+00,7.748185219958422465e+00,1.000000000000000000e+01,4.407848026641900105e+02
3.000000000000000000e+00,7.746545404728556683e+00,1.000000000000000000e+01,6.583859756158111622e+02
3.000000000000000000e+00,7.744689251903031924e+00,1.100000000000000000e+01,9.245411138389973758e+02
3.000000000000000000e+00,7.742920394788698424e+00,1.000000000000000000e+01,1.220572511101093369e+03
3.000000000000000000e+00,7.740964892971601508e+00,8.000000000000000000e+00,1.514930256793932813e+03
3.000000000000000000e+00,7.738750544523591124e+00,8.000000000000000000e+00,1.767719663786366937e+03
3.000000000000000000e+00,7.736768482454252194e+00,9.000000000000000000e+00,1.939214478385412121e+03
3.000000000000000000e+00,7.735267133475322687e+00,7.000000000000000000e+00,2.000000000000000000e+03
2.000000000000000000e+00,7.733673465089556665e+00,8.000000000000000000e+00,1.939214478385412121e+03
1.000000000000000000e+00,7.713273871738003606e+00,1.100000000000000000e+01,1.767719663786366937e+03
1.000000000000000000e+00,7.675070122790903504e+00,9.000000000000000000e+00,1.514930256793932813e+03
0.000000000000000000e+00,7.637917702322836178e+00,8.000000000000000000e+00,1.220572511101093369e+03
-1.000000000000000000e+00,7.582584654791991952e+00,9.000000000000000000e+00,9.245411138389973758e+02
-1.000000000000000000e+00,7.510001099986142847e+00,1.100000000000000000e+01,6.583859756158111622e+02
-1.000000000000000000e+00,7.440150316026826083e+00,9.000000000000000000e+00,4.407848026641900105e+02
-3.000000000000000000e+00,7.372073765365815490e+00,9.000000000000000000e+00,2.774369825719209643e+02
-3.000000000000000000e+00,7.267485188650661954e+00,9.000000000000000000e+00,1.641699972477975962e+02
-3.000000000000000000e+00,7.166205827141551410e+00,1.000000000000000000e+01,9.133030922126044970e+01
-4.000000000000000000e+00,7.068271898010149989e+00,9.000000000000000000e+00,6.361655192886733756e-01
-3.000000000000000000e+00,6.953864868844005898e+00,9.000000000000000000e+00,4.414051275932351359e-01
-4.000000000000000000e+00,6.862310146792561127e+00,9.000000000000000000e+00,1.510860786658049237e-01
-4.000000000000000000e+00,6.754227801052005375e+00,9.000000000000000000e+00,1.848282577676843008e-01
-4.000000000000000000e+00,6.649483538758994783e+00,8.000000000000000000e+00,2.974679653928558043e-01
-4.000000000000000000e+00,6.547756073208602423e+00,1.100000000000000000e+01,2.588165779519673304e-01
-5.000000000000000000e+00,6.449698098308642713e+00,9.000000000000000000e+00,8.488768589925991259e-01
-5.000000000000000000e+00,6.334936960584037990e+00,1.100000000000000000e+01,2.717969403254882899e-02
-5.000000000000000000e+00,6.224113952416397311e+00,1.200000000000000000e+01,9.483326805499839862e-01
-5.000000000000000000e+00,6.116884972501389406e+00,9.000000000000000000e+00,1.728226212631183145e-01
-5.000000000000000000e+00,6.012341685347939446e+00,1.100000000000000000e+01,3.139809156207857832e-01
-5.000000000000000000e+00,5.911341951061339195e+00,1.200000000000000000e+01,6.360874880084994576e-01
-4.000000000000000000e+00,5.813556982967889475e+00,1.000000000000000000e+01,6.813734864330162067e-01
-5.000000000000000000e+00,5.737555831393347461e+00,9.000000000000000000e+00,0.000000000000000000e+00
-5.000000000000000000e+00,5.644192560625322486e+00,1.000000000000000000e+01,5.118737058956470687e-01
-5.000000000000000000e+00,5.553750495416518440e+00,8.000000000000000000e+00,4.649776904440653391e-01
-5.000000000000000000e+00,5.465540395737192192e+00,1.100000000000000000e+01,9.160742853291300447e-01
-5.000000000000000000e+00,5.380438302015109642e+00,1.000000000000000000e+01,7.677701943799992712e-01
-5.000000000000000000e+00,5.297555645605648955e+00,1.100000000000000000e+01,9.276445604164332837e-01
-6.000000000000000000e+00,5.217192093495633287e+00,1.000000000000000000e+01,5.595125529347477755e-01
-5.000000000000000000e+00,5.119596614665408829e+00,1.000000000000000000e+01,4.003974483045690258e-01
-5.000000000000000000e+00,5.044124762517183669e+00,1.200000000000000000e+01,2.031557363046764264e-01
-4.000000000000000000e+00,4.971080030247489567e+00,1.000000000000000000e+01,1.737060003456980528e-01
-3.000000000000000000e+00,4.918870329838605393e+00,8.000000000000000000e+00,9.248705978679134798e-01
-2.000000000000000000e+00,4.886734947985728716e+00,1.000000000000000000e+01,7.326044746812575559e-01
-1.000000000000000000e+00,4.874711907525968613e+00,1.100000000000000000e+01,7.958819472785612081e-01
0.000000000000000000e+00,4.881876900500067507e+00,1.200000000000000000e+01,8.042437323955200501e-01
0.000000000000000000e+00,4.907533998768016659e+00,1.200000000000000000e+01,9.480285037776239321e-01
1.000000000000000000e+00,4.931552476911811311e+00,8.000000000000000000e+00,9.934154710242253383e-01
2.000000000000000000e+00,4.972499388390141384e+00,8.000000000000000000e+00,3.158288625848925113e-01
3.000000000000000000e+00,5.030535569943284102e+00,9.000000000000000000e+00,2.774369825719209643e+02
3.000000000000000000e+00,5.105345641657051736e+00,9.000000000000000000e+00,4.407848026641900105e+02
6.000000000000000000e+00,5.176928356438718737e+00,8.000000000000000000e+00,6.583859756158111622e+02
6.000000000000000000e+00,5.303112356140994521e+00,9.000000000000000000e+00,9.245411138389973758e+02
7.000000000000000000e+00,5.424597092248984787e+00,9.000000000000000000e+00,1.220572511101093369e+03
6.000000000000000000e+00,5.560758849002384707e+00,9.000000000000000000e+00,1.514930256793932813e+03
6.000000000000000000e+00,5.672649855586147538e+00,9.000000000000000000e+00,1.767719663786366937e+03
5.000000000000000000e+00,5.780534558940749079e+00,1.100000000000000000e+01,1.939214478385412121e+03
5.000000000000000000e+00,5.865750362678713081e+00,8.000000000000000000e+00,2.000000000000000000e+03
5.000000000000000000e+00,5.947463493060702433e+00,1.000000000000000000e+01,1.939214478385412121e+03
4.000000000000000000e+00,6.026748556611037699e+00,1.000000000000000000e+01,1.767719663786366937e+03
3.000000000000000000e+00,6.083980428032958798e+00,9.000000000000000000e+00,1.514930256793932813e+03
2.000000000000000000e+00,6.119680314897758322e+00,8.000000000000000000e+00,1.220572511101093369e+03
2.000000000000000000e+00,6.134525499580987251e+00,1.100000000000000000e+01,9.245411138389973758e+02
1.000000000000000000e+00,6.149205477044128010e+00,9.000000000000000000e+00,6.583859756158111622e+02
1.000000000000000000e+00,6.143394485200413868e+00,1.100000000000000000e+01,4.407848026641900105e+02
1.000000000000000000e+00,6.137798303477171480e+00,8.000000000000000000e+00,2.774369825719209643e+02
2.000000000000000000e+00,6.131385877006429119e+00,1.000000000000000000e+01,1.641699972477975962e+02
1.000000000000000000e+00,6.144378133857093971e+00,9.000000000000000000e+00,9.133030922126044970e+01
1.000000000000000000e+00,6.136925603111864191e+00,8.000000000000000000e+00,8.762067614264665849e-01
1.000000000000000000e+00,6.129012517130465021e+00,1.000000000000000000e+01,6.772974649095653277e-03
0.000000000000000000e+00,6.121235092338041639e+00,1.200000000000000000e+01,5.276061530747045980e-01
1.000000000000000000e+00,6.094320406323940453e+00,8.000000000000000000e+00,3.908126083268819162e-01
0.000000000000000000e+00,6.086352502119618535e+00,1.100000000000000000e+01,4.186910162268501212e-01
0.000000000000000000e+00,6.059450135506423862e+00,9.000000000000000000e+00,7.632629118574806304e-01
0.000000000000000000e+00,6.032612228633371210e+00,1.100000000000000000e+01,6.535799674855596875e-01
0.000000000000000000e+00,6.006606828000779608e+00,9.000000000000000000e+00,1.604974975110509128e-01
0.000000000000000000e+00,5.980633827528657243e+00,1.000000000000000000e+01,5.957821640556119069e-01
0.000000000000000000e+00,5.955270422729821433e+00,1.200000000000000000e+01,2.707877570329045858e-01
0.000000000000000000e+00,5.930686726474159620e+00,8.000000000000000000e+00,3.048999394512015293e-01
0.000000000000000000e+00,5.905700272136667373e+00,9.000000000000000000e+00,3.657221407564903437e-02
0.000000000000000000e+00,5.881289357930194583e+00,1.100000000000000000e+01,8.489022762935701794e-01
0.000000000000000000e+00,5.857625862002031170e+00,8.000000000000000000e+00,0.000000000000000000e+00
0.000000000000000000e+00,5.833720553194993386e+00,1.000000000000000000e+01,5.540702952421135974e-01
0.000000000000000000e+00,5.810545885871982286e+00,7.000000000000000000e+00,5.258783197544587562e-01
0.000000000000000000e+00,5.787113596022168238e+00,1.100000000000000000e+01,2.352964837776464480e-01
0.000000000000000000e+00,5.764781058226949639e+00,1.000000000000000000e+01,9.837555678110606605e-01
0.000000000000000000e+00,5.742546144596352597e+00,1.000000000000000000e+01,5.549032260473248934e-01
0.000000000000000000e+00,5.720598669970200056e+00,1.000000000000000000e+01,5.760586228071753467e-01
0.000000000000000000e+00,5.698929018930952495e+00,8.000000000000000000e+00,6.715509328507787146e-01
0.000000000000000000e+00,5.677143348796152900e+00,1.100000000000000000e+01,5.697787293676987996e-01
1.000000000000000000e+00,5.656209069761978014e+00,1.000000000000000000e+01,2.965225098687555016e-01
1.000000000000000000e+00,5.654595361075674731e+00,9.000000000000000000e+00,7.229086936844946187e-01
2.000000000000000000e+00,5.652330515113376919e+00,1.100000000000000000e+01,8.632496104714150187e-01
3.000000000000000000e+00,5.669288354897819460e+00,8.000000000000000000e+00,5.644621142495254151e-01
3.000000000000000000e+00,5.703809435776167724e+00,1.200000000000000000e+01,8.006034987925453317e-01
3.000000000000000000e+00,5.737336754463152388e+00,9.000000000000000000e+00,6.400314592529239288e-01
4.000000000000000000e+00,5.768565247633508974e+00,8.000000000000000000e+00,1.587862883650770218e-01
5.000000000000000000e+00,5.817240427550717463e+00,9.000000000000000000e+00,9.200496779402422831e-02
5.000000000000000000e+00,5.883118246065724755e+00,9.000000000000000000e+00,2.774369825719209643e+02
5.000000000000000000e+00,5.946224037659131767e+00,9.000000000000000000e+00,4.407848026641900105e+02
6.000000000000000000e+00,6.006730261685062189e+00,1.000000000000000000e+01,6.583859756158111622e+02
6.000000000000000000e+00,6.084285304002778894e+00,9.000000000000000000e+00,9.245411138389973758e+02
6.000000000000000000e+00,6.158723054957430776e+00,9.000000000000000000e+00,1.220572511101093369e+03
6.000000000000000000e+00,6.230471640553433055e+00,1.100000000000000000e+01,1.514930256793932813e+03
6.000000000000000000e+00,6.300133845186859816e+00,7.000000000000000000e+00,1.767719663786366937e+03
5.000000000000000000e+00,6.366734309154142402e+00,9.000000000000000000e+00,1.939214478385412121e+03
5.000000000000000000e+00,6.412341463160902144e+00,9.000000000000000000e+00,2.000000000000000000e+03
4.000000000000000000e+00,6.456632227662280954e+00,8.000000000000000000e+00,1.939214478385412121e+03
4.000000000000000000e+00,6.480171719699033162e+00,1.000000000000000000e+01,1.767719663786366937e+03
4.000000000000000000e+00,6.503499459131189653e+00,9.000000000000000000e+00,1.514930256793932813e+03
4.000000000000000000e+00,6.525949456832390361e+00,9.000000000000000000e+00,1.220572511101093369e+03
4.000000000000000000e+00,6.547635003293354572e+00,8.000000000000000000e+00,9.245411138389973758e+02
4.000000000000000000e+00,6.568280184600200577e+00,1.000000000000000000e+01,6.583859756158111622e+02
4.000000000000000000e+00,6.588400804907196928e+00,1.000000000000000000e+01,4.407848026641900105e+02
3.000000000000000000e+00,6.607550257203363309e+00,9.000000000000000000e+00,2.774369825719209643e+02
3.000000000000000000e+00,6.606242669050976346e+00,8.000000000000000000e+00,1.641699972477975962e+02
3.000000000000000000e+00,6.604453344764713130e+00,1.000000000000000000e+01,9.133030922126044970e+01
3.000000000000000000e+00,6.602751120342284175e+00,1.100000000000000000e+01,2.495781244717827363e-01
3.000000000000000000e+00,6.600906835465429445e+00,9.000000000000000000e+00,7.441857646013229077e-01
3.000000000000000000e+00,6.598350715457380389e+00,9.000000000000000000e+00,6.952931315557026037e-01
3.000000000000000000e+00,6.595496212165947725e+00,1.100000000000000000e+01,4.311357272682805331e-01
3.000000000000000000e+00,6.592740790966657549e+00,1.000000000000000000e+01,3.619665491323844631e-01
3.000000000000000000e+00,6.589505142470713395e+00,1.000000000000000000e+01,9.261877798916043902e-01
3.000000000000000000e+00,6.586001695895674857e+00,1.000000000000000000e+01,2.285372275213315429e-01
3.000000000000000000e+00,6.582241902611708717e+00,1.000000000000000000e+01,9.798346950603263883e-01
3.000000000000000000e+00,6.578237314654001189e+00,1.200000000000000000e+01,3.886724031393262724e-02
3.000000000000000000e+00,6.574383005869024466e+00,1.000000000000000000e+01,9.260682773027618664e-01
3.000000000000000000e+00,6.569905681118640928e+00,8.000000000000000000e+00,7.978014859864767105e-01
3.000000000000000000e+00,6.564830599412014855e+00,8.000000000000000000e+00,3.879845265711689972e-01
3.000000000000000000e+00,6.559566543379427017e+00,8.000000000000000000e+00,2.481992632218500416e-01
3.000000000000000000e+00,6.554122049702370667e+00,1.000000000000000000e+01,0.000000000000000000e+00
2.000000000000000000e+00,6.548889903662623801e+00,9.000000000000000000e+00,4.640979832351431744e-01
2.000000000000000000e+00,6.524016682970564140e+00,1.000000000000000000e+01,3.102998500809752702e-01
2.000000000000000000e+00,6.499873884658036616e+00,7.000000000000000000e+00,3.971383273210227216e-03
2.000000000000000000e+00,6.475664807549914137e+00,9.000000000000000000e+00,7.165933498703774829e-01
3.000000000000000000e+00,6.452354584349814459e+00,8.000000000000000000e+00,9.433325887330594739e-01
2.000000000000000000e+00,6.448602402208694073e+00,8.000000000000000000e+00,2.746706066001943780e-01
2.000000000000000000e+00,6.425348844608855359e+00,1.000000000000000000e+01,8.516120811827329051e-01
2.000000000000000000e+00,6.402960365491169092e+00,9.000000000000000000e+00,8.574432952694852617e-01
2.000000000000000000e+00,6.380827572915385382e+00,1.000000000000000000e+01,8.486934045224339140e-01
2.000000000000000000e+00,6.359326066951346945e+00,1.000000000000000000e+01,8.686193970312844348e-01
2.000000000000000000e+00,6.338240102077276283e+00,8.000000000000000000e+00,6.036629690423297445e-01
2.000000000000000000e+00,6.317169811094313303e+00,9.000000000000000000e+00,9.555365322769641123e-01
2.000000000000000000e+00,6.296692500875486154e+00,1.000000000000000000e+01,8.150551092417671617e-01
2.000000000000000000e+00,6.276786180436371154e+00,9.000000000000000000e+00,5.009723428327029771e-01
3.000000000000000000e+00,6.257045025787642878e+00,7.000000000000000000e+00,6.165821305951850739e-01
2.000000000000000000e+00,6.256541105338872200e+00,7.000000000000000000e+00,3.507114418091987762e-01
2.000000000000000000e+00,6.236419888336196315e+00,8.000000000000000000e+00,2.774369825719209643e+02
2.000000000000000000e+00,6.216965982083803688e+00,9.000000000000000000e+00,4.407848026641900105e+02
2.000000000000000000e+00,6.198216769110987734e+00,1.100000000000000000e+01,6.583859756158111622e+02
1.000000000000000000e+00,6.180421070728749022e+00,9.000000000000000000e+00,9.245411138389973758e+02
0.000000000000000000e+00,6.143605060629152348e+00,8.000000000000000000e+00,1.220572511101093369e+03
0.000000000000000000e+00,6.088765948551582596e+00,7.000000000000000000e+00,1.514930256793932813e+03
0.000000000000000000e+00,6.035938503536950606e+00,9.000000000000000000e+00,1.767719663786366937e+03
0.000000000000000000e+00,5.985716814679786779e+00,8.000000000000000000e+00,1.939214478385412121e+03
0.000000000000000000e+00,5.937486832413791049e+00,9.000000000000000000e+00,2.000000000000000000e+03
0.000000000000000000e+00,5.891577089581659266e+00,8.000000000000000000e+00,1.939214478385412121e+03
0.000000000000000000e+00,5.847487668546214934e+00,9.000000000000000000e+00,1.767719663786366937e+03
0.000000000000000000e+00,5.805464882190092268e+00,1.200000000000000000e+01,1.514930256793932813e+03
0.000000000000000000e+00,5.765714786378051571e+00,8.000000000000000000e+00,1.220572511101093369e+03
0.000000000000000000e+00,5.726689240864158315e+00,1.000000000000000000e+01,9.245411138389973758e+02
0.000000000000000000e+00,5.689399531082465877e+00,1.100000000000000000e+01,6.583859756158111622e+02
-1.000000000000000000e+00,5.653483847698203668e+00,8.000000000000000000e+00,4.407848026641900105e+02
-1.000000000000000000e+00,5.598766585769574533e+00,8.000000000000000000e+00,2.774369825719209643e+02
-1.000000000000000000e+00,5.545715462214912961e+00,1.000000000000000000e+01,1.641699972477975962e+02
-2.000000000000000000e+00,5.494607408149070338e+00,9.000000000000000000e+00,9.133030922126044970e+01
-1.000000000000000000e+00,5.425493058427647064e+00,7.000000000000000000e+00,2.837559201542148024e-01
-1.000000000000000000e+00,5.377337965731340930e+00,7.000000000000000000e+00,4.771758138368055180e-01
-2.000000000000000000e+00,5.330490302261750912e+00,9.000000000000000000e+00,9.843148118748867859e-05
-2.000000000000000000e+00,5.266014837500527790e+00,1.000000000000000000e+01,1.416951736037578291e-01
-2.000000000000000000e+00,5.203628014277475344e+00,8.000000000000000000e+00,4.997710538021614690e-01
-2.000000000000000000e+00,5.142672703895196484e+00,9.000000000000000000e+00,7.845674340880383069e-01
-3.000000000000000000e+00,5.083670944250929580e+00,1.000000000000000000e+01,4.470575955389062273e-01
-3.000000000000000000e+00,5.007277788929186180e+00,1.100000000000000000e+01,9.617408368285587095e-01
-3.000000000000000000e+00,4.933392752764683031e+00,1.000000000000000000e+01,2.679951773415131244e-01
-3.000000000000000000e+00,4.861534215339134768e+00,1.100000000000000000e+01,4.474211139900358125e-01
-4.000000000000000000e+00,4.792008736885562392e+00,1.100000000000000000e+01,9.690990352924422346e-01
-3.000000000000000000e+00,4.705264558187344015e+00,1.000000000000000000e+01,8.997167976832861624e-01
-4.000000000000000000e+00,4.640271597073216903e+00,9.000000000000000000e+00,8.218556244044187276e-01
-4.000000000000000000e+00,4.557692712497185994e+00,1.000000000000000000e+01,0.000000000000000000e+00
-4.000000000000000000e+00,4.477818935822540425e+00,9.000000000000000000e+00,6.675894872181779016e-01
-4.000000000000000000e+00,4.400161532544037968e+00,1.000000000000000000e+01,5.209934252301567925e-01
-3.000000000000000000e+00,4.325019581173470407e+00,1.000000000000000000e+01,5.922609379609238278e-01
-3.000000000000000000e+00,4.271373719762967980e+00,1.000000000000000000e+01,1.482685391212226200e-01
-3.000000000000000000e+00,4.219166725404600804e+00,1.000000000000000000e+01,8.743374522722854314e-01
-3.000000000000000000e+00,4.168344076063112524e+00,1.200000000000000000e+01,6.687584937249271277e-01
-2.000000000000000000e+00,4.119237667674020997e+00,1.200000000000000000e+01,4.559315050156285132e-01
-2.000000000000000000e+00,4.090667259544102485e+00,1.000000000000000000e+01,9.798847964075908523e-01
-1.000000000000000000e+00,4.062229056801941240e+00,1.000000000000000000e+01,3.906002833397042018e-01
0.000000000000000000e+00,4.053573429106979376e+00,1.000000000000000000e+01,2.196090218442446895e-01
0.000000000000000000e+00,4.063980308907340522e+00,9.000000000000000000e+00,4.972119996342813097e-01
1.000000000000000000e+00,4.073295905819661833e+00,9.000000000000000000e+00,9.553743092068053278e-01
1.000000000000000000e+00,4.101026802223663559e+00,1.000000000000000000e+01,3.544066134578632843e-01
2.000000000000000000e+00,4.127428858453196625e+00,9.000000000000000000e+00,2.646186328607843530e-01
2.000000000000000000e+00,4.171441108591085190e+00,9.000000000000000000e+00,6.607231616184220391e-01
2.000000000000000000e+00,4.213351177830370276e+00,1.100000000000000000e+01,8.805336731573447651e-01
2.000000000000000000e+00,4.253627792885549930e+00,8.000000000000000000e+00,2.774369825719209643e+02
2.000000000000000000e+00,4.291481252749417941e+00,8.000000000000000000e+00,4.407848026641900105e+02
2.000000000000000000e+00,4.327646823789723207e+00,1.000000000000000000e+01,6.583859756158111622e+02
2.000000000000000000e+00,4.362659665045227619e+00,8.000000000000000000e+00,9.245411138389973758e+02
2.000000000000000000e+00,4.395898697475632666e+00,-4.000000000000000000e+00,1.220572511101093369e+03
2.000000000000000000e+00,4.425623780407813790e+00,-2.000000000000000000e+00,1.514930256793932813e+03
0.000000000000000000e+00,4.454775966153944111e+00,-4.000000000000000000e+00,1.767719663786366937e+03
0.000000000000000000e+00,4.444165596173200505e+00,-3.000000000000000000e+00,1.939214478385412121e+03
0.000000000000000000e+00,4.434424968600765737e+00,-3.000000000000000000e+00,2.000000000000000000e+03
0.000000000000000000e+00,4.425350189295066627e+00,-2.000000000000000000e+00,1.939214478385412121e+03
0.000000000000000000e+00,4.417083193607731495e+00,-3.000000000000000000e+00,1.767719663786366937e+03
0.000000000000000000e+00,4.409141235015756166e+00,-3.000000000000000000e+00,1.514930256793932813e+03
0.000000000000000000e+00,4.401606197436302104e+00,-3.000000000000000000e+00,1.220572511101093369e+03
0.000000000000000000e+00,4.394348984358583898e+00,-3.000000000000000000e+00,9.245411138389973758e+02
1.000000000000000000e+00,4.387245281230298666e+00,-3.000000000000000000e+00,6.583859756158111622e+02
1.000000000000000000e+00,4.399457270109176754e+00,-4.000000000000000000e+00,4.407848026641900105e+02
0.000000000000000000e+00,4.410736785804240334e+00,-2.000000000000000000e+00,2.774369825719209643e+02
0.000000000000000000e+00,4.402365719330842531e+00,-3.000000000000000000e+00,1.641699972477975962e+02
0.000000000000000000e+00,4.393711462769509524e+00,-3.000000000000000000e+00,9.133030922126044970e+01
1.000000000000000000e+00,4.384950621282730054e+00,-4.000000000000000000e+00,8.474200902217683407e-01
0.000000000000000000e+00,4.395131542447636264e+00,-4.000000000000000000e+00,7.247639281374461673e-01
0.000000000000000000e+00,4.385219458860869501e+00,-3.000000000000000000e+00,7.546202659206032726e-01
0.000000000000000000e+00,4.375411766187877305e+00,-1.000000000000000000e+00,1.639881646332764786e-01
0.000000000000000000e+00,4.365898035496320162e+00,-2.000000000000000000e+00,1.537094100093530091e-01
0.000000000000000000e+00,4.356091521903962871e+00,-1.000000000000000000e+00,3.408271187463328689e-01
0.000000000000000000e+00,4.346389659815180551e+00,-3.000000000000000000e+00,1.020225564289851672e-01
0.000000000000000000e+00,4.336212871669242297e+00,-3.000000000000000000e+00,2.228742602562810982e-01
0.000000000000000000e+00,4.325965539426937845e+00,-2.000000000000000000e+00,6.484613635027652867e-01
0.000000000000000000e+00,4.315844299796924410e+00,-2.000000000000000000e+00,8.469920835937452264e-01
0.000000000000000000e+00,4.305653515069923998e+00,-2.000000000000000000e+00,6.097360522455558263e-01
0.000000000000000000e+00,4.295397204248956768e+00,-1.000000000000000000e+00,7.527409019094111198e-02
0.000000000000000000e+00,4.285271425242864751e+00,-4.000000000000000000e+00,6.132157143024046242e-01
0.000000000000000000e+00,4.274503538131388503e+00,-3.000000000000000000e+00,0.000000000000000000e+00
0.000000000000000000e+00,4.263888639905080602e+00,-2.000000000000000000e+00,9.153758339775398545e-01
0.000000000000000000e+00,4.253422602751532722e+00,-1.000000000000000000e+00,2.235089275613398874e-01
0.000000000000000000e+00,4.243100840442306954e+00,-3.000000000000000000e+00,9.474948469770266835e-01
0.000000000000000000e+00,4.232342541193045093e+00,-2.000000000000000000e+00,1.124541155632191591e-01
0.000000000000000000e+00,4.221742480498337002e+00,-1.000000000000000000e+00,6.053966405461110867e-01
0.000000000000000000e+00,4.211296145178917705e+00,-3.000000000000000000e+00,6.899713101381487190e-01
1.000000000000000000e+00,4.200422093471914309e+00,-3.000000000000000000e+00,9.288102123531715160e-01
1.000000000000000000e+00,4.208792653528100836e+00,-3.000000000000000000e+00,6.373840328876544392e-01
1.000000000000000000e+00,4.216438671123181159e+00,-3.000000000000000000e+00,2.179179063431978536e-01
1.000000000000000000e+00,4.223389722843011285e+00,-3.000000000000000000e+00,4.971101312678629647e-01
1.000000000000000000e+00,4.229674483021095277e+00,-3.000000000000000000e+00,5.039418099945347507e-01
1.000000000000000000e+00,4.235320386573221185e+00,-3.000000000000000000e+00,4.366549277466088563e-01
1.000000000000000000e+00,4.240353754162873301e+00,-4.000000000000000000e+00,3.687951841808184694e-01
1.000000000000000000e+00,4.244607549375325917e+00,-2.000000000000000000e+00,7.200293525368999248e-01
1.000000000000000000e+00,4.248690538225524449e+00,-3.000000000000000000e+00,9.380148502164842306e-03
2.000000000000000000e+00,4.252033783961331359e+00,-2.000000000000000000e+00,9.888903458373140554e-01
1.000000000000000000e+00,4.274322215595501184e+00,-2.000000000000000000e+00,2.774369825719209643e+02
2.000000000000000000e+00,4.276242385462305506e+00,-2.000000000000000000e+00,4.407848026641900105e+02
1.000000000000000000e+00,4.297142027937896458e+00,-2.000000000000000000e+00,6.583859756158111622e+02
1.000000000000000000e+00,4.297875410903920113e+00,-3.000000000000000000e+00,9.245411138389973758e+02
2.000000000000000000e+00,4.298359123850948649e+00,-3.000000000000000000e+00,1.220572511101093369e+03
1.000000000000000000e+00,4.318178434712350189e+00,-4.000000000000000000e+00,1.514930256793932813e+03
1.000000000000000000e+00,4.318009777423871043e+00,-2.000000000000000000e+00,1.767719663786366937e+03
0.000000000000000000e+00,4.318525684985975666e+00,-2.000000000000000000e+00,1.939214478385412121e+03
0.000000000000000000e+00,4.300109957168541719e+00,-3.000000000000000000e+00,2.000000000000000000e+03
0.000000000000000000e+00,4.282550537741373731e+00,-3.000000000000000000e+00,1.939214478385412121e+03
0.000000000000000000e+00,4.265981522972627893e+00,-3.000000000000000000e+00,1.767719663786366937e+03
0.000000000000000000e+00,4.250297267632256570e+00,-3.000000000000000000e+00,1.514930256793932813e+03
0.000000000000000000e+00,4.235365345142725779e+00,-2.000000000000000000e+00,1.220572511101093369e+03
0.000000000000000000e+00,4.221235228559854669e+00,-3.000000000000000000e+00,9.245411138389973758e+02
0.000000000000000000e+00,4.207377388115496331e+00,-3.000000000000000000e+00,6.583859756158111622e+02
0.000000000000000000e+00,4.193871496703891033e+00,-2.000000000000000000e+00,4.407848026641900105e+02
0.000000000000000000e+00,4.180813187246985585e+00,-2.000000000000000000e+00,2.774369825719209643e+02
0.000000000000000000e+00,4.167930920604888456e+00,-3.000000000000000000e+00,1.641699972477975962e+02
0.000000000000000000e+00,4.154983031134644733e+00,-2.000000000000000000e+00,9.133030922126044970e+01
0.000000000000000000e+00,4.142329739070235384e+00,-2.000000000000000000e+00,3.300367996742449295e-01
0.000000000000000000e+00,4.129733639370605225e+00,-4.000000000000000000e+00,6.391570839885152289e-01
0.000000000000000000e+00,4.116809251298811922e+00,-2.000000000000000000e+00,9.495165726714837051e-01
0.000000000000000000e+00,4.104339779039569258e+00,-2.000000000000000000e+00,4.663689684236652644e-01
0.000000000000000000e+00,4.091924150103106506e+00,-3.000000000000000000e+00,1.912644801900253988e-01
0.000000000000000000e+00,4.079369095771531839e+00,-4.000000000000000000e+00,7.792644494269047595e-01
0.000000000000000000e+00,4.066681409569478767e+00,-1.000000000000000000e+00,4.361093170869289048e-01
0.000000000000000000e+00,4.054636516714754890e+00,-4.000000000000000000e+00,9.229800332825076614e-01
0.000000000000000000e+00,4.042057234597070448e+00,-2.000000000000000000e+00,2.480454341477779101e-01
0.000000000000000000e+00,4.029926608071707328e+00,-3.000000000000000000e+00,6.290614555697674470e-01
0.000000000000000000e+00,4.017651806234993295e+00,-3.000000000000000000e+00,4.323114688733942224e-01
0.000000000000000000e+00,4.005431805536917800e+00,-2.000000000000000000e+00,4.302699329896705338e-01
0.000000000000000000e+00,3.993458009031950695e+00,-3.000000000000000000e+00,1.860736675720845446e-01
0.000000000000000000e+00,3.981337431860185294e+00,-3.000000000000000000e+00,0.000000000000000000e+00
0.000000000000000000e+00,3.969269146927812741e+00,-3.000000000000000000e+00,3.083632834006990731e-01
0.000000000000000000e+00,3.957252449723764887e+00,-4.000000000000000000e+00,9.974472412120642950e-01
-1.000000000000000000e+00,3.945094490371278351e+00,-4.000000000000000000e+00,4.547274196720264561e-01
-1.000000000000000000e+00,3.913724160523786022e+00,-4.000000000000000000e+00,2.413032768338716494e-01
-1.000000000000000000e+00,3.883111701969745866e+00,-2.000000000000000000e+00,2.620417841011269955e-01
-1.000000000000000000e+00,3.853613246675753778e+00,-5.000000000000000000e+00,2.109981916906016330e-01
-1.000000000000000000e+00,3.824225049452909531e+00,-3.000000000000000000e+00,5.265418119429994270e-01
0.000000000000000000e+00,3.795905226432515267e+00,-4.000000000000000000e+00,2.559892186723828900e-01
0.000000000000000000e+00,3.787306186808833797e+00,-3.000000000000000000e+00,2.251575889557806409e-01
0.000000000000000000e+00,3.778824569463065774e+00,-3.000000000000000000e+00,2.552541972793423986e-01
0.000000000000000000e+00,3.770264850089406927e+00,-3.000000000000000000e+00,7.943417779444766902e-01
0.000000000000000000e+00,3.761631519228051612e+00,-4.000000000000000000e+00,8.945038671518346085e-01
0.000000000000000000e+00,3.752736402917554948e+00,-2.000000000000000000e+00,3.436828322082818854e-01
0.000000000000000000e+00,3.744167553354560418e+00,-5.000000000000000000e+00,2.506979790746012293e-01
0.000000000000000000e+00,3.734952090198787378e+00,-2.000000000000000000e+00,7.278413999058510608e-01
0.000000000000000000e+00,3.726270170237445001e+00,-3.000000000000000000e+00,6.973225621717500378e-01
0.000000000000000000e+00,3.717333272703879921e+00,-2.000000000000000000e+00,2.774369825719209643e+02
-1.000000000000000000e+00,3.708643081218935045e+00,-3.000000000000000000e+00,4.407848026641900105e+02
-1.000000000000000000e+00,3.680599068333801238e+00,-2.000000000000000000e+00,6.583859756158111622e+02
-1.000000000000000000e+00,3.653644378850708030e+00,-1.000000000000000000e+00,9.245411138389973758e+02
-1.000000000000000000e+00,3.627838810177548279e+00,-3.000000000000000000e+00,1.220572511101093369e+03
-1.000000000000000000e+00,3.602674001222695654e+00,-3.000000000000000000e+00,1.514930256793932813e+03
-1.000000000000000000e+00,3.578621633935140878e+00,-5.000000000000000000e+00,1.767719663786366937e+03
-1.000000000000000000e+00,3.555349678586988915e+00,-3.000000000000000000e+00,1.939214478385412121e+03
-1.000000000000000000e+00,3.533661260092727296e+00,-2.000000000000000000e+00,2.000000000000000000e+03
-1.000000000000000000e+00,3.513324461788439379e+00,-4.000000000000000000e+00,1.939214478385412121e+03
-1.000000000000000000e+00,3.493685041560545823e+00,-4.000000000000000000e+00,1.767719663786366937e+03
-1.000000000000000000e+00,3.475033186824149301e+00,9.000000000000000000e+00,1.514930256793932813e+03
-1.000000000000000000e+00,3.459732563700276931e+00,3.606000000000000000e+03,1.220572511101093369e+03
-1.000000000000000000e+00,4.136797688372654491e+00,2.479000000000000000e+03,9.245411138389973758e+02
-1.000000000000000000e+00,4.571040615809452312e+00,1.145000000000000000e+03,6.583859756158111622e+02
-1.000000000000000000e+00,4.731897372650760936e+00,3.689000000000000000e+03,4.407848026641900105e+02
-1.000000000000000000e+00,5.375593923887836745e+00,4.834000000000000000e+03,2.774369825719209643e+02
-1.000000000000000000e+00,6.214491421071338451e+00,2.512000000000000000e+03,1.641699972477975962e+02
-1.000000000000000000e+00,6.574322691626325543e+00,3.636000000000000000e+03,1.280132508670872582e-01
0.000000000000000000e+00,7.136165394608063650e+00,4.758000000000000000e+03,7.545647477110610790e-01
0.000000000000000000e+00,7.911165456823406217e+00,3.549000000000000000e+03,8.386086313346758914e-01
-1.000000000000000000e+00,8.423645112230808252e+00,2.493000000000000000e+03,9.953036971262357868e-01
-1.000000000000000000e+00,8.693866558152171464e+00,4.174000000000000000e+03,1.277519297040905499e-01
-1.000000000000000000e+00,9.276747293158834395e+00,3.564000000000000000e+03,3.460242391741501500e-01
-1.000000000000000000e+00,9.719702953179885085e+00,2.278000000000000000e+03,8.660841288006184691e-01
-1.000000000000000000e+00,9.898123098470007264e+00,4.205000000000000000e+03,3.353744912060352412e-01
-1.000000000000000000e+00,1.044008810696337974e+01,1.128000000000000000e+03,1.126829915867746390e-01
-1.000000000000000000e+00,1.036930567103047274e+01,2.250000000000000000e+03,4.664610849426387151e-01
-1.000000000000000000e+00,1.051684947248145896e+01,2.473000000000000000e+03,2.475763037392403332e-01
-1.000000000000000000e+00,1.070144537960402076e+01,5.630000000000000000e+02,6.421555249022367073e-01
-1.000000000000000000e+00,1.051146950569988903e+01,1.698000000000000000e+03,7.049382718830313754e-01
-1.000000000000000000e+00,1.054690741679295662e+01,3.575000000000000000e+03,6.161536931065186851e-01
-1.000000000000000000e+00,1.094179739942381424e+01,2.466000000000000000e+03,8.730279596682949395e-01
-1.000000000000000000e+00,1.110809065705139709e+01,2.235000000000000000e+03,8.378378460558106866e-01
